"HadesField","ID","ID","ID","","","","Line","","Notes by AR","Notes by DK"
"Darren","HadesField_","0002","HadesField_0002","","","","…我一直都不习惯这里的空气。","","",""
"Darren","HadesField_","0003","HadesField_0003","","","","没有礼貌的臭小子。好吧。但是，事情本不该这样。","","",""
"Unused","HadesField_","0007","HadesField_0007","","","","","","",""
"Integrated","HadesField_","0009","HadesField_0009","","","","我觉得你一定很讨厌我现在的样子。你会理解的，为什么我会戴上这黑暗之盔。","","",""
"Unused","HadesField_","0013","HadesField_0013","","","","…我知道你想问什么，扎格列欧斯。你问吧。","","",""
"Integrated","HadesField_","0036","HadesField_0036","","","","黑暗之盔。","","",""
"Integrated","HadesField_","0037","HadesField_0037","","","","黑暗之盔！","","",""
"Integrated","HadesField_","0038","HadesField_0038","","","","黑暗之盔…！","","",""
"Integrated","HadesField_","0039","HadesField_0039","","","","你连最简单的事实都弄不明白。","","",""
"Integrated","HadesField_","0040","HadesField_0040","","","","你被自己的双眼蒙蔽了，孩子。","","",""
"Integrated","HadesField_","0041","HadesField_0041","","","","请稍等。","","",""
"Integrated","HadesField_","0042","HadesField_0042","","","","我马上回来。","","",""
"Integrated","HadesField_","0043","HadesField_0043","","","","出来吧，卑劣的暗灵们！处置这个不孝子。","","",""
"Integrated","HadesField_","0044","HadesField_0044","","","","冥界的卑劣暗灵们！从地下出来吧，听我号令！","","",""
"Integrated","HadesField_","0045","HadesField_0045","","","","听令，卑劣暗灵们！崛起吧，在我的国度，再次战斗！","","",""
"Integrated","HadesField_","0046","HadesField_0046","","","","以死亡之神的名义！觉醒吧，卑劣暗灵们，保卫你们的王！","","",""
"Integrated","HadesField_","0047","HadesField_0047","","","","我以自己的名义命令你们这些冥界的卑劣暗灵们，立刻现身！","","",""
"Integrated","HadesField_","0048","HadesField_0048","","","","现在。","","",""
"Integrated","HadesField_","0049","HadesField_0049","","","","现在！","","",""
"Integrated","HadesField_","0050","HadesField_0050","","","","这里！","","",""
"Integrated","HadesField_","0051","HadesField_0051","","","","这里，孩子！","","",""
"Integrated","HadesField_","0052","HadesField_0052","","","","注意。","","",""
"Integrated","HadesField_","0053","HadesField_0053","","","","够了！！","","",""
"Integrated","HadesField_","0054","HadesField_0054","","","","你在测试我的耐心！","","",""
"Integrated","HadesField_","0055","HadesField_0055","","","","是你自找的！","","",""
"Integrated","HadesField_","0056","HadesField_0056","","","","你有过选择！","","",""
"Integrated","HadesField_","0057","HadesField_0057","","","","够了！","","",""
"Integrated","HadesField_","0058","HadesField_0058","","","","呼啊啊啊啊啊啊！","","",""
"Integrated","HadesField_","0059","HadesField_0059","","","","嘎啊啊啊啊啊！","","",""
"Integrated","HadesField_","0060","HadesField_0060","","","","你想惹怒我吗？","","",""
"Integrated","HadesField_","0061","HadesField_0061","","","","我给你个东西！！","","",""
"Integrated","HadesField_","0062","HadesField_0062","","","","扎格列欧斯！！","","",""
"Integrated","HadesField_","0063","HadesField_0063","","","","你这个该死的小……！","","",""
"Integrated","HadesField_","0064","HadesField_0064","","","","住手！","","",""
"Integrated","HadesField_","0065","HadesField_0065","","","","你够了！","","",""
"Integrated","HadesField_","0066","HadesField_0066","","","","离开我的视线！","","",""
"Integrated","HadesField_","0067","HadesField_0067","","","","你会回来的！","","",""
"Integrated","HadesField_","0068","HadesField_0068","","","","你没法欺骗死亡！","","",""
"Integrated","HadesField_","0069","HadesField_0069","","","","没人逃得出去。","","",""
"Integrated","HadesField_","0070","HadesField_0070","","","","回家去吧，孩子。","","",""
"Integrated","HadesField_","0071","HadesField_0071","","","","随便你怎么踢打喊叫。","","",""
"Integrated","HadesField_","0072","HadesField_0072","","","","你是挡不住我的。","","",""
"Integrated","HadesField_","0073","HadesField_0073","","","","我愚蠢的兄弟现在帮不了你了。","","",""
"Integrated","HadesField_","0074","HadesField_0074","","","","可恶的宙斯给我去死！","","",""
"Integrated","HadesField_","0075","HadesField_0075","","","","波塞冬就不应该多管闲事！","","",""
"Integrated","HadesField_","0076","HadesField_0076","","","","我可不喜欢这样，波塞冬弟弟！","","",""
"Integrated","HadesField_","0077","HadesField_0077","","","","缩在雅典娜的盾牌后面？","","",""
"Integrated","HadesField_","0078","HadesField_0078","","","","雅典娜可救不了你，孩子。","","",""
"Integrated","HadesField_","0079","HadesField_0079","","","","阿弗洛狄忒可管不到这里！","","",""
"Integrated","HadesField_","0080","HadesField_0080","","","","呸，爱管闲事的女爱神！","","",""
"Integrated","HadesField_","0081","HadesField_0081","","","","狩猎女神选错猎物了。","","",""
"Integrated","HadesField_","0082","HadesField_0082","","","","阿尔忒弥斯！你太自不量力了！","","",""
"Integrated","HadesField_","0083","HadesField_0083","","","","战神果然会在这里啊！","","",""
"Integrated","HadesField_","0084","HadesField_0084","","","","阿瑞斯，你最好少管我的事！","","",""
"Integrated","HadesField_","0085","HadesField_0085","","","","你那醉汉能力就别拿出来秀了吧！","","",""
"Integrated","HadesField_","0086","HadesField_0086","","","","为什么拿酒泼我衣服？！","","",""
"Integrated","HadesField_","0087","HadesField_0087","","","","我可不会纵容你的脾气，孩子！","","",""
"Integrated","HadesField_","0088","HadesField_0088","","","","你让我的亲人都来与我作对。","","",""
"Integrated","HadesField_","0089","HadesField_0089","","","","把奥林匹斯扯进来真是太卑鄙了！","","",""
"Integrated","HadesField_","0090","HadesField_0090","","","","看到没有？","","",""
"Integrated","HadesField_","0091","HadesField_0091","","","","回家去吧。","","",""
"Integrated","HadesField_","0092","HadesField_0092","","","","回家去吧！","","",""
"Integrated","HadesField_","0093","HadesField_0093","","","","我说了，回家去吧！","","",""
"Integrated","HadesField_","0094","HadesField_0094","","","","这都是你自己作的。","","",""
"Integrated","HadesField_","0095","HadesField_0095","","","","好了。","","",""
"Integrated","HadesField_","0096","HadesField_0096","","","","好了！","","",""
"Integrated","HadesField_","0097","HadesField_0097","","","","又来？","","",""
"Integrated","HadesField_","0098","HadesField_0098","","","","还来？","","",""
"Integrated","HadesField_","0099","HadesField_0099","","","","嗯？","","",""
"Integrated","HadesField_","0100","HadesField_0100","","","","再来？","","",""
"Integrated","HadesField_","0101","HadesField_0101","","","","再来！","","",""
"Integrated","HadesField_","0102","HadesField_0102","","","","你真是…","","",""
"Integrated","HadesField_","0103","HadesField_0103","","","","哼。","","",""
"Integrated","HadesField_","0104","HadesField_0104","","","","哧。","","",""
"Integrated","HadesField_","0105","HadesField_0105","","","","咳。","","",""
"Integrated","HadesField_","0106","HadesField_0106","","","","呸。","","",""
"Integrated","HadesField_","0107","HadesField_0107","","","","真的。","","",""
"Integrated","HadesField_","0108","HadesField_0108","","","","呃。","","",""
"Integrated","HadesField_","0109","HadesField_0109","","","","来啊。","","",""
"Integrated","HadesField_","0110","HadesField_0110","","","","来啊！","","",""
"Integrated","HadesField_","0111","HadesField_0111","","","","真心的。","","",""
"Integrated","HadesField_","0112","HadesField_0112","","","","不。","","",""
"Integrated","HadesField_","0113","HadesField_0113","","","","没用。","","",""
"Integrated","HadesField_","0114","HadesField_0114","","","","你是在白费力气。","","",""
"Integrated","HadesField_","0115","HadesField_0115","","","","愚蠢。","","",""
"Integrated","HadesField_","0116","HadesField_0116","","","","你就不能做一点有意义的事情吗？","","",""
"Integrated","HadesField_","0117","HadesField_0117","","","","我把你送回家但是一点用也没有。","","",""
"Integrated","HadesField_","0118","HadesField_0118","","","","你跟我的奥林匹斯亲戚一样丢脸","","",""
"Integrated","HadesField_","0119","HadesField_0119","","","","我告诉你，孩子，你逃不出去。","","",""
"Integrated","HadesField_","0120","HadesField_0120","","","","总有一天，当你回想起这事的时候，你会感谢我的，孩子。","","",""
"Integrated","HadesField_","0121","HadesField_0121","","","","如果只有这样才能教会你纪律，那也无妨。","","",""
"Integrated","HadesField_","0122","HadesField_0122","","","","回到大殿后你给我注意一下自己的态度。","","",""
"Integrated","HadesField_","0123","HadesField_0123","","","","真是令人失望的结果。","","",""
"Integrated","HadesField_","0124","HadesField_0124","","","","你应该能料到这结果。","","",""
"Integrated","HadesField_","0125","HadesField_0125","","","","你太弱了！我可是打败过泰坦的，孩子。","","",""
"Integrated","HadesField_","0126","HadesField_0126","","","","你到底要让我重复几次？","","",""
"Integrated","HadesField_","0127","HadesField_0127","","","","继续做你的无用功吧。","","",""
"Integrated","HadesField_","0128","HadesField_0128","","","","你三番五次反抗我，真是家门不幸。","","",""
"Integrated","HadesField_","0129","HadesField_0129","","","","这算是上一次的补偿。","","",""
"Integrated","HadesField_","0130","HadesField_0130","","","","你好像比期望的要强一些了，孩子。","","",""
"Integrated","HadesField_","0131","HadesField_0131","","","","你觉得自己比我强吗，真是傲慢啊。","","",""
"Integrated","HadesField_","0132","HadesField_0132","","","","呃啊…可恶…","","",""
"Integrated","HadesField_","0133","HadesField_0133","","","","哧…怎么…","","",""
"Integrated","HadesField_","0134","HadesField_0134","","","","嗯啊啊…你…","","",""
"Integrated","HadesField_","0135","HadesField_0135","","","","咳…呵呵…","","",""
"Integrated","HadesField_","0136","HadesField_0136","","","","嗯…呃，呃。","","",""
"Integrated","HadesField_","0137","HadesField_0137","","","","回…家…再…见…","","",""
"Integrated","HadesField_","0138","HadesField_0138","","","","卡戎…带我回去。","","",""
"Integrated","HadesField_","0139","HadesField_0139","","","","无…处…可…逃…","","",""
"Integrated","HadesField_","0140","HadesField_0140","","","","再…见。","","",""
"Integrated","HadesField_","0141","HadesField_0141","","","","好了…解脱了…","","",""
"Integrated","HadesField_","0142","HadesField_0142","","","","呃啊…不…","","",""
"Integrated","HadesField_","0152","HadesField_0152","","","","黑暗啊！","","",""
"Integrated","HadesField_","0153","HadesField_0153","","","","黑暗啊…！","","",""
"Integrated","HadesField_","0154","HadesField_0154","","","","黑暗啊。","","",""
"Integrated","HadesField_","0155","HadesField_0155","","","","你竟敢这样反抗我，孩子？","","",""
"Integrated","HadesField_","0156","HadesField_0156","","","","我认为你就是一个卑鄙的顽童！","","",""
"Integrated","HadesField_","0157","HadesField_0157","","","","我觉得你是在浪费自己的时间。","","",""
"Integrated","HadesField_","0158","HadesField_0158","","","","为什么你就是不放弃这样的愚蠢行为？","","",""
"Integrated","HadesField_","0159","HadesField_0159","","","","你就不能让人省点心吗！","","",""
"Integrated","HadesField_","0160","HadesField_0160","","","","你找不到她的，她已经走了！","","",""
"Integrated","HadesField_","0161","HadesField_0161","","","","你真的是愚蠢到无可救药！","","",""
"Integrated","HadesField_","0162","HadesField_0162","","","","我这样对你说都是为了你好。","","",""
"Integrated","HadesField_","0163","HadesField_0163","","","","我说了，她已经走了！","","",""
"Integrated","HadesField_","0164","HadesField_0164","","","","你什么都不懂！","","",""
"Integrated","HadesField_","0165","HadesField_0165","","","","你就是想消失对吧？","","",""
"Integrated","HadesField_","0166","HadesField_0166","","","","你又知道些什么！","","",""
"Integrated","HadesField_","0167","HadesField_0167","","","","噢我想不都会想。","","",""
"Integrated","HadesField_","0168","HadesField_0168","","","","欣然接受。","","",""
"Integrated","HadesField_","0169","HadesField_0169","","","","给我消失！","","",""
"Integrated","HadesField_","0170","HadesField_0170","","","","死亡是不可避免的。","","",""
"Integrated","HadesField_","0171","HadesField_0171","","","","倒下吧！","","",""
"Integrated","HadesField_","0172","HadesField_0172","","","","回家去吧！","","",""
"Integrated","HadesField_","0173","HadesField_0173","","","","还在顽抗？","","",""
"Integrated","HadesField_","0174","HadesField_0174","","","","你在流血，孩子。","","",""
"Integrated","HadesField_","0175","HadesField_0175","","","","可悲。","","",""
"Integrated","HadesField_","0176","HadesField_0176","","","","破绽。","","",""
"Integrated","HadesField_","0177","HadesField_0177","","","","我还以为阿喀琉斯会教你快点。","","",""
"Integrated","HadesField_","0183","HadesField_0183","","","","你逃不出这里的。","","",""
"Integrated","HadesField_","0184","HadesField_0184","","","","你别想离开。","","",""
"Integrated","HadesField_","0185","HadesField_0185","","","","我不这么认为。","","",""
"Integrated","HadesField_","0186","HadesField_0186","","","","我觉得不行。","","",""
"Integrated","HadesField_","0187","HadesField_0187","","","","你哪儿也去不了。","","",""
"Integrated","HadesField_","0188","HadesField_0188","","","","你是不是真以为自己能这样一走了之？","","",""
"Integrated","HadesField_","0189","HadesField_0189","","","","准备…！","","",""
"Integrated","HadesField_","0190","HadesField_0190","","","","感受到血液开始沸腾了吗？","","",""
"Integrated","HadesField_","0191","HadesField_0191","","","","太慢了。","","",""
"Integrated","HadesField_","0192","HadesField_0192","","","","当心，孩子。","","",""
"Integrated","HadesField_","0193","HadesField_0193","","","","我来把你的血给煮沸。","","",""
"Integrated","HadesField_","0194","HadesField_0194","","","","你应该可以避开的。","","",""
"Integrated","HadesField_","0195","HadesField_0195","","","","抓到你了。","","",""
"Integrated","HadesField_","0196","HadesField_0196","","","","怎么了，孩子？","","",""
"Integrated","HadesField_","0197","HadesField_0197","","","","醒醒，孩子！","","",""
"Integrated","HadesField_","0198","HadesField_0198","","","","这样的攻击竟然都没有躲掉？","","",""
"Integrated","HadesField_","0199","HadesField_0199","","","","怎么了，孩子？","","",""
"Integrated","HadesField_","0200","HadesField_0200","","","","你困住了。","","",""
"Integrated","HadesField_","0201","HadesField_0201","","","","你动不了了。","","",""
"Integrated","HadesField_","0202","HadesField_0202","","","","站住别动…！","","",""
"Integrated","HadesField_","0203","HadesField_0203","","","","这样蠕动是行不通的。","","",""
"Integrated","HadesField_","0204","HadesField_0204","","","","当心自己脚下。","","",""
"Integrated","HadesField_","0205","HadesField_0205","","","","你踩到什么东西了，孩子。","","",""
"Integrated","HadesField_","0206","HadesField_0206","","","","就连我的暗灵们都不想让你离开。","","",""
"Integrated","HadesField_","0207","HadesField_0207","","","","你给我等在这。","","",""
"Integrated","HadesField_","0216","HadesField_0216","","","","你没法控制自己的这股野兽般的力量！","","",""
"Integrated","HadesField_","0217","HadesField_0217","","","","到底要怎样才能平息这种疯狂举动？","","",""
"Integrated","HadesField_","0218","HadesField_0218","","","","我会让你看看足以毁灭泰坦的力量。","","",""
"Integrated","HadesField_","0219","HadesField_0219","","","","不！你跟往常一样，退缩了。","","",""
"Integrated","HadesField_","0220","HadesField_0220","","","","你完全不知道自己需要什么。","","",""
"Integrated","HadesField_","0221","HadesField_0221","","","","噢我觉得这个时间点蛮好。","","",""
"Integrated","HadesField_","0222","HadesField_0222","","","","倔强的傻孩子！","","",""
"Integrated","HadesField_","0223","HadesField_0223","","","","你的想法不可能实现！","","",""
"Integrated","HadesField_","0224","HadesField_0224","","","","你不准这样跟我说话！","","",""
"Integrated","HadesField_","0225","HadesField_0225","","","","不，这样是没用的。","","",""
"Integrated","HadesField_","0226","HadesField_0226","","","","你就应该这样。","","",""
"Integrated","HadesField_","0227","HadesField_0227","","","","真是太放肆…！","","",""
"Integrated","HadesField_","0228","HadesField_0228","","","","我会让你后悔的。","","",""
"Integrated","HadesField_","0229","HadesField_0229","","","","行！","","",""
"Integrated","HadesField_","0230","HadesField_0230","","","","一点尊重都没有！","","",""
"Integrated","HadesField_","0231","HadesField_0231","","","","开心了。","","",""
"Integrated","HadesField_","0232","HadesField_0232","","","","我还以为你会呢！","","",""
"Integrated","HadesField_","0233","HadesField_0233","","","","你根本不听！","","",""
"Integrated","HadesField_","0234","HadesField_0234","","","","你又知道什么叫痛苦了？","","",""
"Integrated","HadesField_","0235","HadesField_0235","","","","不孝子！","","",""
"Integrated","HadesField_","0236","HadesField_0236","","","","我们当然会！","","",""
"Integrated","HadesField_","0237","HadesField_0237","","","","我就是知道，白痴！","","",""
"Integrated","HadesField_","0238","HadesField_0238","","","","你不会再来一次了。","","",""
"Integrated","HadesField_","0239","HadesField_0239","","","","我会好好招待你的。","","",""
"Unused","HadesField_","0240","HadesField_0240","","","","瓦拉塔……我认得出来。你手里的可不是什么普通的双刃长矛。我不愿正眼看它，我和我的兄弟姐妹曾经……曾经做过的那些丑恶的事。","","",""
"Integrated","HadesField_","0255","HadesField_0255","","","","在这儿不起作用。","","",""
"Integrated","HadesField_","0256","HadesField_0256","","","","这里没人帮你。","","",""
"Integrated","HadesField_","0257","HadesField_0257","","","","你给我出来亲自面对我！","","",""
"Integrated","HadesField_","0258","HadesField_0258","","","","怎么了，小子？","","",""
"Integrated","HadesField_","0259","HadesField_0259","","","","无人会援助你，小子！","","",""
"Integrated","HadesField_","0260","HadesField_0260","","","","我觉得不行。","","",""
"Integrated","HadesField_","0261","HadesField_0261","","","","你以为墨纪拉会帮你，在此处？！","","",""
"Integrated","HadesField_","0262","HadesField_0262","","","","你真的认为塔纳托斯会违抗我？！","","",""
"Integrated","HadesField_","0263","HadesField_0263","","","","你本以为会发生点什么，小子？","","",""
"Integrated","HadesField_","0264","HadesField_0264","","","","我没召唤你！","","",""
"Integrated","HadesField_","0265","HadesField_0265","","","","立刻回到你的位置上去，暗灵！","","",""
"Integrated","HadesField_","0266","HadesField_0266","","","","你，认清你的身份！！！","","",""
"Integrated","HadesField_","0267","HadesField_0267","","","","这个歹徒是谁啊？！","","",""
"Integrated","HadesField_","0268","HadesField_0268","","","","多么卑劣的小混蛋！","","",""
"Integrated","HadesField_","0269","HadesField_0269","","","","那该死的混蛋又来了？","","",""
"Integrated","HadesField_","0270","HadesField_0270","","","","该死的东西，从这里滚出去！！","","",""
"Integrated","HadesField_","0271","HadesField_0271","","","","你会为此后悔的，混账！","","",""
"Integrated","HadesField_","0272","HadesField_0272","","","","从天上掉下来的是一块该死的巨石吗？","","",""
"Integrated","HadesField_","0273","HadesField_0273","","","","我就当是你干的好事，宙斯？！","","",""
"Integrated","HadesField_","0274","HadesField_0274","","","","是你干的蠢事吗，波塞冬？！","","",""
"Integrated","HadesField_","0275","HadesField_0275","","","","又是你那该死的石头吗，臭小子？！","","",""
"Integrated","HadesField_","0276","HadesField_0276","","","","只不过是神庙顶上的坍塌，没别的了！","","",""
"Integrated","HadesField_","0277","HadesField_0277","","","","刚刚那是像之前一样的该死的石头吗？！","","",""
"Integrated","HadesField_","0278","HadesField_0278","","","","用这种把戏糊弄我，你当真？","","",""
"Integrated","HadesField_","0279","HadesField_0279","","","","为了进攻真是个可笑的借口。","","",""
"Integrated","HadesField_","0280","HadesField_0280","","","","此处永远只有坏透了的天气！","","",""
"Integrated","HadesField_","0281","HadesField_0281","","","","倒下吧！","","",""
"Integrated","HadesField_","0282","HadesField_0282","","","","给我倒下，混账东西！","","",""
"Integrated","HadesField_","0283","HadesField_0283","","","","给我倒下！","","",""
"Integrated","HadesField_","0284","HadesField_0284","","","","你…！","","",""
"Integrated","HadesField_","0285","HadesField_0285","","","","死吧！","","",""
"Integrated","HadesField_","0286","HadesField_0286","","","","我受够了你，孩子！","","",""
"Integrated","HadesField_","0287","HadesField_0287","","","","让我们就此了结，小子！！","","",""
"Integrated","HadesField_","0288","HadesField_0288","","","","我绝不原谅你的无礼！","","",""
"Integrated","HadesField_","0289","HadesField_0289","","","","你想激怒我？！","","",""
"Integrated","HadesField_","0290","HadesField_0290","","","","这都是你自作自受！！","","",""
"Integrated","HadesField_","0291","HadesField_0291","","","","我不会再纵容你了！！","","",""
"Integrated","HadesField_","0292","HadesField_0292","","","","呃啊啊啊啊啊啊！！","","",""
"Integrated","HadesField_","0293","HadesField_0293","","","","呃啊啊啊啊啊！！","","",""
"Integrated","HadesField_","0294","HadesField_0294","","","","蠢货！","","",""
"Integrated","HadesField_","0295","HadesField_0295","","","","你将消亡。","","",""
"Integrated","HadesField_","0296","HadesField_0296","","","","你以为你能一直如此？","","",""
"Integrated","HadesField_","0297","HadesField_0297","","","","你只是在拖延时间，小子！","","",""
"Integrated","HadesField_","0298","HadesField_0298","","","","我看你还没下决心回去呢？","","",""
"Integrated","HadesField_","0299","HadesField_0299","","","","还想多吃几招，是吗？","","",""
"Integrated","HadesField_","0300","HadesField_0300","","","","尝尝这个！","","",""
"Integrated","HadesField_","0301","HadesField_0301","","","","这是为了你的好！","","",""
"Integrated","HadesField_","0302","HadesField_0302","","","","看看你逃不逃得了这招！","","",""
"Integrated","HadesField_","0303","HadesField_0303","","","","你必将燃尽……！","","",""
"Integrated","HadesField_","0304","HadesField_0304","","","","看着！！","","",""
"Integrated","HadesField_","0305","HadesField_0305","","","","火！！","","",""
"Integrated","HadesField_","0306","HadesField_0306","","","","呃嗯…咕……","","",""
"Integrated","HadesField_","0307","HadesField_0307","","","","哼…<嗤笑>","","",""
"Integrated","HadesField_","0308","HadesField_0308","","","","嗯…你…！","","",""
"Integrated","HadesField_","0309","HadesField_0309","","","","啐……臭小子……","","",""
"Integrated","HadesField_","0310","HadesField_0310","","","","怎么……啊……","","",""
"Integrated","HadesField_","0311","HadesField_0311","","","","可恶……","","",""
"Integrated","HadesField_","0312","HadesField_0312","","","","忘恩……负义……","","",""
"Integrated","HadesField_","0313","HadesField_0313","","","","你…竟…敢……","","",""
"Integrated","HadesField_","0314","HadesField_0314","","","","你会……付出代价……","","",""
"Integrated","HadesField_","0315","HadesField_0315","","","","你……永远都……不会……","","",""
"Integrated","HadesField_","0316","HadesField_0316","","","","为何……你……怎么……？","","",""
"Integrated","HadesField_","0317","HadesField_0317","","","","你永远都不会懂。","","",""
"Integrated","HadesField_","0318","HadesField_0318","","","","你是如此固执，孩子；不过，我何尝不是。","","",""
"Integrated","HadesField_","0319","HadesField_0319","","","","阿喀琉斯确实把你教得不错。","","",""
"Integrated","HadesField_","0320","HadesField_0320","","","","我想某一天我还会在这儿见到你的。","","",""
"Integrated","HadesField_","0321","HadesField_0321","","","","既然我们在这里了结，我也能回去工作了。","","",""
"Integrated","HadesField_","0327","HadesField_0327","","","","得墨忒尔最好别插手我的事情！","","",""
"Integrated","HadesField_","0328","HadesField_0328","","","","那个冷血的女巫还想让天气变得更糟？！","","",""
"Integrated","HadesField_","0359","HadesField_0359","","","","你当真觉得你能这样一走了之？","","",""
"Integrated","HadesField_","0360","HadesField_0360","","","","你胆敢尝试击败我，又一次？","","",""
"Integrated","HadesField_","0361","HadesField_0361","","","","你真的以为这地表是你的归属？","","",""
"Integrated","HadesField_","0362","HadesField_0362","","","","你有没有意识到你在做什么，小子？","","",""
"Integrated","HadesField_","0363","HadesField_0363","","","","为什么你总要这么做，一次又一次？","","",""
"Integrated","HadesField_","0364","HadesField_0364","","","","为何你又一次要逼我在这儿面对你？","","",""
"Integrated","HadesField_","0365","HadesField_0365","","","","你为何会如此希望生而复死？","","",""
"Integrated","HadesField_","0366","HadesField_0366","","","","你为何再次一路闯来？","","",""
"Integrated","HadesField_","0367","HadesField_0367","","","","瞧瞧你那蛮力！和你那些亲戚们一模一样！","","",""
"Integrated","HadesField_","0368","HadesField_0368","","","","你缺乏正确的技巧！纯粹是蛮力！","","",""
"Integrated","HadesField_","0369","HadesField_0369","","","","又要炫耀你的蛮力了吗？","","",""
"Integrated","HadesField_","0370","HadesField_0370","","","","要怎样才能终结这一切？","","",""
"Integrated","HadesField_","0371","HadesField_0371","","","","你要怎样才能不再逼我与你对战？","","",""
"Integrated","HadesField_","0372","HadesField_0372","","","","到底要怎样才能让你停止这种愚蠢行动？","","",""
"Integrated","HadesField_","0373","HadesField_0373","","","","到底要怎样才能让你有点理智？","","",""
"Integrated","HadesField_","0374","HadesField_0374","","","","我…不能…留下。","","",""
"Integrated","HadesField_","0375","HadesField_0375","","","","我的……力量……衰落了……","","",""
"Integrated","HadesField_","0376","HadesField_0376","","","","可恶……我……呃……","","",""
"Integrated","HadesField_","0377","HadesField_0377","","","","又一次，我……你……","","",""
"Integrated","HadesField_","0378","HadesField_0378","","","","你永远不会……真正……胜利……","","",""
"Integrated","HadesField_","0379","HadesField_0379","","","","我会……记住……的……","","",""
"Integrated","HadesField_","0380","HadesField_0380","","","","你……还不……满足吗……","","",""
"Integrated","HadesField_","0381","HadesField_0381","","","","很快你也会……重蹈覆辙……","","",""
"Integrated","HadesField_","0392","HadesField_0392","","","","听我号令，暗灵！杀死我的亲生儿子，如若泄露此事，尔等必受永世酷刑！","","",""
"Integrated","HadesField_","0393","HadesField_0393","","","","出来吧，暗灵们，拿出最残忍的手段战斗，就像你们曾为了保命那样！","","",""
"Integrated","HadesField_","0394","HadesField_0394","","","","冥界的暗灵，我命令尔等此刻为我而战！","","",""
"Integrated","HadesField_","0395","HadesField_0395","","","","觉醒吧，暗灵们，在这片你们曾被杀死的地面再度战斗吧！","","",""
"Integrated","HadesField_","0396","HadesField_0396","","","","听从我的召唤，暗灵们，将我那一意孤行的儿子带下深渊！","","",""
"Integrated","HadesField_","0397","HadesField_0397","","","","","","",""
"Integrated","HadesField_","0398","HadesField_0398","","","","","","",""
"Integrated","HadesField_","0399","HadesField_0399","","","","","","",""
"Integrated","HadesField_","0400","HadesField_0400","","","","","","",""
"Integrated","HadesField_","0401","HadesField_0401","","","","","","",""
"Integrated","HadesField_","0402","HadesField_0402","","","","","","",""
"Integrated","HadesField_","0403","HadesField_0403","","","","","","",""
"Integrated","HadesField_","0404","HadesField_0404","","","","","","",""
"Integrated","HadesField_","0405","HadesField_0405","","","","","","",""
"Integrated","HadesField_","0406","HadesField_0406","","","","","","",""
"Integrated","HadesField_","0407","HadesField_0407","","","","","","",""
"Integrated","HadesField_","0408","HadesField_0408","","","","","","",""
"Integrated","HadesField_","0409","HadesField_0409","","","","","","",""
"Integrated","HadesField_","0410","HadesField_0410","","","","","","",""
"Integrated","HadesField_","0411","HadesField_0411","","","","","","",""
"Integrated","HadesField_","0412","HadesField_0412","","","","","","",""
"Integrated","HadesField_","0413","HadesField_0413","","","","","","",""
"Integrated","HadesField_","0414","HadesField_0414","","","","","","",""
"Integrated","HadesField_","0415","HadesField_0415","","","","快走吧，免得我反悔。","","",""
"Integrated","HadesField_","0416","HadesField_0416","","","","这次不行。","","",""
"Integrated","HadesField_","0417","HadesField_0417","","","","这次你可气不到我了。","","",""
"Integrated","HadesField_","0418","HadesField_0418","","","","别让她等了。","","",""
"Integrated","HadesField_","0419","HadesField_0419","","","","我说了，快去找她。","","",""
"Integrated","HadesField_","0420","HadesField_0420","","","","够了。","","",""
"Integrated","HadesField_","0433","HadesField_0433","Ending - Victory Against the Player","This is after Hades grudgingly accepts Zag.","","看起来我还宝刀未老。","","",""
"Integrated","HadesField_","0433","HadesField_0433","","","","看起来我还宝刀未老。","","",""
"Integrated","HadesField_","0434","HadesField_0434","","","","希望你下次运气好点，扎格列欧斯。","","",""
"Integrated","HadesField_","0435","HadesField_0435","","","","至少你已经走了这么远了。","","",""
"Integrated","HadesField_","0436","HadesField_0436","","","","我不在的时候，替我好好看管圣殿。","","",""
"Integrated","HadesField_","0437","HadesField_0437","","","","下次再交手吧。","","",""
"Integrated","HadesField_","0438","HadesField_0438","","","","或许下一次你就会有所改观了。","","",""
"Integrated","HadesField_","0439","HadesField_0439","","","","有的时候，哪怕是做到最好也是不够的，孩子。","","",""
"Integrated","HadesField_","0440","HadesField_0440","","","","我希望你下一次能做得更好。","","",""
"Integrated","HadesField_","0441","HadesField_0441","","","","就连奥林匹斯众神的力量合起来，也是不够的。","","",""
"Integrated","HadesField_","0442","HadesField_0442","","","","等到下次，你最好向你的亲戚们寻求更强大的援助。","","",""
"Integrated","HadesField_","0443","HadesField_0443","","","","墨纪拉，你在这里干什么呢？","","",""
"Integrated","HadesField_","0444","HadesField_0444","","","","你怎么还跑去帮他了，墨纪拉？","","",""
"Integrated","HadesField_","0445","HadesField_0445","","","","还有别的地方需要你呢，墨纪拉！","","",""
"Integrated","HadesField_","0446","HadesField_0446","","","","你用不着帮他，墨纪拉！","","",""
"Integrated","HadesField_","0447","HadesField_0447","","","","你这是在浪费墨纪拉的宝贵时间！","","",""
"Integrated","HadesField_","0448","HadesField_0448","","","","回去忙你自己的事情去，塔纳托斯！","","",""
"Integrated","HadesField_","0449","HadesField_0449","","","","你不是还得照顾那些凡人吗，塔纳托斯？","","",""
"Integrated","HadesField_","0450","HadesField_0450","","","","你不用听他的，塔纳托斯！","","",""
"Integrated","HadesField_","0451","HadesField_0451","","","","我看得出来，你这是不让塔纳托斯好好干活！","","",""
"Integrated","HadesField_","0452","HadesField_0452","","","","别把可怜的塔纳托斯卷到这些破事里！","","",""
"Integrated","HadesField_","0453","HadesField_0453","","","","回到你的岗位上去，幽灵！","","",""
"Integrated","HadesField_","0454","HadesField_0454","","","","我可不喜欢你这样，幽灵！","","",""
"Integrated","HadesField_","0455","HadesField_0455","","","","赶紧走吧，回到至福乐土去！","","",""
"Integrated","HadesField_","0456","HadesField_0456","","","","密尔弥冬赫赫有名的长枪手！","","",""
"Integrated","HadesField_","0457","HadesField_0457","","","","看来你还有点余热，是吗，幽灵？","","",""
"Integrated","HadesField_","0458","HadesField_0458","","","","我付你工资可不是让你干这个，蛇发女妖！","","",""
"Integrated","HadesField_","0459","HadesField_0459","","","","立刻回到你的岗位上去，蛇发女妖！","","",""
"Integrated","HadesField_","0460","HadesField_0460","","","","你是管家，不是战士，蛇发女妖！","","",""
"Integrated","HadesField_","0461","HadesField_0461","","","","那只蛇发女妖在这里干什么呢？","","",""
"Integrated","HadesField_","0462","HadesField_0462","","","","你这是把我们的管家都叫来帮忙了吗？","","",""
"Integrated","HadesField_","0463","HadesField_0463","","","","亲自来面对我啊！","","",""
"Integrated","HadesField_","0464","HadesField_0464","","","","再多叫几个朋友来吧，你说呢，小子？","","",""
"Integrated","HadesField_","0465","HadesField_0465","","","","别把他也卷进来！","","",""
"Integrated","HadesField_","0466","HadesField_0466","","","","你现在也要叫人帮忙吗？","","",""
"Integrated","HadesField_","0467","HadesField_0467","","","","你还打算把谁也卷进来？","","",""
"Integrated","HadesField_","0468","HadesField_0468","","","","是我弟弟宙斯给你的另一个礼物！","","",""
"Integrated","HadesField_","0469","HadesField_0469","","","","心怀感激吧，我弟弟喜欢你！","","",""
"Integrated","HadesField_","0470","HadesField_0470","","","","波塞冬二弟还有时间来这里胡闹吗？","","",""
"Integrated","HadesField_","0471","HadesField_0471","","","","波塞冬一有机会就想出风头！","","",""
"Integrated","HadesField_","0472","HadesField_0472","","","","连机灵的雅典娜都参与进来了！","","",""
"Integrated","HadesField_","0473","HadesField_0473","","","","要是雅典娜不帮你，你现在会在哪呢？","","",""
"Integrated","HadesField_","0474","HadesField_0474","","","","阿弗洛狄忒什么事情都要插一腿吗？","","",""
"Integrated","HadesField_","0475","HadesField_0475","","","","对阿弗洛狄忒来说，这一切都不过是玩笑吧！","","",""
"Integrated","HadesField_","0476","HadesField_0476","","","","孩子，在这里，你才是猎物！","","",""
"Integrated","HadesField_","0477","HadesField_0477","","","","狩猎女神应该明白什么时候撤退才对。","","",""
"Integrated","HadesField_","0478","HadesField_0478","","","","你亲爱的兄弟阿瑞斯肯定会相当开心吧，孩子！","","",""
"Integrated","HadesField_","0479","HadesField_0479","","","","那个阿瑞斯，就算是小小的拌嘴，也能煽动成一场战争！","","",""
"Integrated","HadesField_","0480","HadesField_0480","","","","这是战斗，不是什么庆典！","","",""
"Integrated","HadesField_","0481","HadesField_0481","","","","你居然找那个醉鬼迪奥尼索司帮你？","","",""
"Integrated","HadesField_","0482","HadesField_0482","","","","我的姐姐还有更重要的事情要做呢！","","",""
"Integrated","HadesField_","0483","HadesField_0483","","","","那个得墨忒尔应该去管别的事情才对！","","",""
"Integrated","HadesField_","0484","HadesField_0484","","","","看起来，你需要能得到的所有帮助！","","",""
"Integrated","HadesField_","0485","HadesField_0485","","","","啊，是啊，我亲爱的家人们真是帮了大忙！","","",""
"Integrated","HadesField_","0486","HadesField_0486","","","","奥林匹斯众神就是这么帮助我们的王国的吗？！","","",""
"Integrated","HadesField_","0487","HadesField_0487","","","","奥林匹斯众神装得可真亲切啊！","","",""
"Integrated","HadesField_","0488","HadesField_0488","","","","算你……赢了……孩子……","","",""
"Integrated","HadesField_","0489","HadesField_0489","","","","干的……漂亮……孩子……","","",""
"Integrated","HadesField_","0490","HadesField_0490","","","","你……真……厉害……","","",""
"Integrated","HadesField_","0491","HadesField_0491","","","","你……打得……不错……","","",""
"Integrated","HadesField_","0492","HadesField_0492","","","","下……次……再……打……","","",""
"Integrated","HadesField_","0493","HadesField_0493","","","","总有……一天……我会……赢你……","","",""
"Integrated","HadesField_","0494","HadesField_0494","","","","我……又……败了……","","",""
"Integrated","HadesField_","0495","HadesField_0495","","","","我……本可以……赢的……","","",""
"Integrated","HadesField_","0496","HadesField_0496","","","","好强……的力量……孩子……","","",""
"Integrated","HadesField_","0497","HadesField_0497","","","","我得……走了……","","",""
"Integrated","HadesField_","0506","HadesField_0506","Ending - Father-Son Argument Alts
They are still going at it but now their arguments are less vicious in nature, more domestic. Ones that sound kind and polite should have a biting, sarcastic quality. Like they're having tea-time except they're fighting to the death.","Eyes wide, ferocious. Remember this is in the middle of the fight, them cutting brutally into one another and so on.","","你以为我会对你手下留情吗，孩子？","","",""
"Integrated","HadesField_","0506","HadesField_0506","","","","你以为我会对你手下留情吗，孩子？","","",""
"Integrated","HadesField_","0507","HadesField_0507","","","","你以为你母亲回来了，我就变得好说话了，是吗？","","",""
"Integrated","HadesField_","0508","HadesField_0508","","","","打扫房间的时候，怎么不见你这么有干劲？","","",""
"Integrated","HadesField_","0509","HadesField_0509","","","","要是没了奥林匹斯众神，你连这个地方都到不了，孩子！","","",""
"Integrated","HadesField_","0510","HadesField_0510","","","","这次又是哪些亲戚来帮你了，孩子？","","",""
"Integrated","HadesField_","0511","HadesField_0511","","","","你的母亲已经开始娇惯你了！","","",""
"Integrated","HadesField_","0512","HadesField_0512","","","","我相信你今晚一定会过得很开心，是吧，孩子？","","",""
"Integrated","HadesField_","0513","HadesField_0513","","","","扎格列欧斯！你就这点本事吗？","","",""
"Integrated","HadesField_","0514","HadesField_0514","","","","扎格列欧斯！让我看看你都学到了什么！","","",""
"Integrated","HadesField_","0515","HadesField_0515","","","","扎格列欧斯！你这一路玩得挺高兴的吧？","","",""
"Integrated","HadesField_","0516","HadesField_0516","","","","扎格列欧斯！你洗劫我的王国，抢得还开心吗？","","",""
"Integrated","HadesField_","0517","HadesField_0517","","","","想想看，你居然也能这么守纪律！","","",""
"Integrated","HadesField_","0518","HadesField_0518","","","","说真的，我觉得你说得没错！","","",""
"Integrated","HadesField_","0519","HadesField_0519","","","","你总是很容易分心，你知道吗？","","",""
"Integrated","HadesField_","0520","HadesField_0520","","","","毫无疑问。","","",""
"Integrated","HadesField_","0521","HadesField_0521","","","","就知道瞎想，一点用都没有！","","",""
"Integrated","HadesField_","0522","HadesField_0522","","","","我想也是！","","",""
"Integrated","HadesField_","0523","HadesField_0523","","","","你对她放尊重点！","","",""
"Integrated","HadesField_","0524","HadesField_0524","","","","我不准你像对我一样对她！","","",""
"Integrated","HadesField_","0525","HadesField_0525","","","","啊，我怎么忘得掉呢？","","",""
"Integrated","HadesField_","0526","HadesField_0526","","","","你把我的房间恢复原样！","","",""
"Integrated","HadesField_","0527","HadesField_0527","","","","你哪知道什么叫真正的工作啊？","","",""
"Integrated","HadesField_","0528","HadesField_0528","","","","是我在问你问题！","","",""
"Integrated","HadesField_","0529","HadesField_0529","","","","啧，去你的吧，孩子！","","",""
"Integrated","HadesField_","0530","HadesField_0530","","","","你又知道什么！","","",""
"Integrated","HadesField_","0531","HadesField_0531","","","","哦，我可真高兴，孩子！","","",""
"Integrated","HadesField_","0532","HadesField_0532","","","","总有一天你会理解！","","",""
"Integrated","HadesField_","0533","HadesField_0533","","","","我觉得你是时候去死了！","","",""
"Integrated","HadesField_","0534","HadesField_0534","","","","别假装好像在乎了！","","",""
"Integrated","HadesField_","0535","HadesField_0535","","","","啊，谢谢你提供的信息！","","",""
"Integrated","HadesField_","0536","HadesField_0536","","","","来啊，多教教我吧，拜托了！","","",""
"Integrated","HadesField_","0537","HadesField_0537","","","","你总是没完没了地指责我！","","",""
"Integrated","HadesField_","0538","HadesField_0538","","","","哦，说真的，和以前一样！","","",""
"Integrated","HadesField_","0539","HadesField_0539","","","","我也是这么想的！","","",""
"Integrated","HadesField_","0540","HadesField_0540","","","","这可真是丢人！","","",""
"Integrated","HadesField_","0541","HadesField_0541","","","","不用客气，孩子！","","",""
"Integrated","HadesField_","0542","HadesField_0542","","","","你还真体贴，真的！","","",""
"Integrated","HadesField_","0543","HadesField_0543","","","","真是个好消息啊。","","",""
"Integrated","HadesField_","0544","HadesField_0544","","","","我可以的！","","",""
"Integrated","HadesField_","0545","HadesField_0545","","","","你又萎靡不振了，和以前一样！","","",""
"Integrated","HadesField_","0546","HadesField_0546","","","","啊，是啊，没错！","","",""
"Integrated","HadesField_","0547","HadesField_0547","","","","我觉得，我们所有人都有很多东西要学！","","",""
"Integrated","HadesField_","0548","HadesField_0548","","","","真是个屡教不改的混蛋！","","",""
"Integrated","HadesField_","0549","HadesField_0549","","","","你放肆……！","","",""
"Integrated","HadesField_","0550","HadesField_0550","","","","你太无礼了……！","","",""
"Integrated","HadesField_","0551","HadesField_0551","","","","够了！","","",""
"Integrated","HadesField_","0552","HadesField_0552","","","","闭嘴！","","",""
"Integrated","HadesField_","0553","HadesField_0553","","","","好吧！","","",""
"Integrated","HadesField_","0554","HadesField_0554","","","","下次再说，小子！","","",""
"Integrated","HadesField_","0555","HadesField_0555","","","","啧……！","","",""
"Integrated","HadesField_","0556","HadesField_0556","","","","就你聪明！","","",""
"Integrated","HadesField_","0563","HadesField_0563","PreAttackVoiceLines Variety","","","给我倒下，混账东西！","","",""
"Integrated","HadesField_","0563","HadesField_0563","","","","给我倒下，混账东西！","","",""
"Integrated","HadesField_","0564","HadesField_0564","","","","去死吧！","","",""
"Integrated","HadesField_","0565","HadesField_0565","","","","给我回去！","","",""
"Integrated","HadesField_","0566","HadesField_0566","","","","给我回去！","","",""
"Integrated","HadesField_","0567","HadesField_0567","","","","怎么，你！","","",""
"Integrated","HadesField_","0568","HadesField_0568","","","","准备好！","","",""
"Integrated","HadesField_","0569","HadesField_0569","","","","小子……！","","",""
"Integrated","HadesField_","0570","HadesField_0570","","","","扎格列欧斯……！","","",""
"Integrated","HadesField_","0571","HadesField_0571","","","","还没完呢！","","",""
"Integrated","HadesField_","0572","HadesField_0572","","","","你这混蛋！","","",""
"Integrated","HadesField_","0573","HadesField_0573","","","","真是够了！","","",""
"Integrated","HadesField_","0574","HadesField_0574","","","","你要来真的？","","",""
"Integrated","HadesField_","0575","HadesField_0575","","","","别手下留情！","","",""
"Integrated","HadesField_","0576","HadesField_0576","","","","不准放水！","","",""
"Integrated","HadesField_","0577","HadesField_0577","","","","好吧！","","",""
"Integrated","HadesField_","0578","HadesField_0578","","","","再试试啊！","","",""
"Integrated","HadesField_","0579","HadesField_0579","","","","我以为你要更厉害呢。","","",""
"Integrated","HadesField_","0580","HadesField_0580","","","","来啊，你不是打败过我吗！","","",""
"Integrated","HadesField_","0581","HadesField_0581","","","","你之前的蛮力，这次怎么不见了？","","",""
"Integrated","HadesField_","0582","HadesField_0582","","","","我还以为你的表现能更稳定一些呢。","","",""
"Integrated","HadesField_","0583","HadesField_0583","","","","想打败你，我还是游刃有余的。","","",""
"Integrated","HadesField_","0584","HadesField_0584","","","","面对我可不能太骄傲啊，孩子。","","",""
"Integrated","HadesField_","0585","HadesField_0585","","","","你本可以做得更好。","","",""
"Integrated","HadesField_","0586","HadesField_0586","","","","我又打败你了，孩子。","","",""
"Integrated","HadesField_","0587","HadesField_0587","","","","总比听那些幽冥没完没了抱怨要好多了。","","",""
"Integrated","HadesField_","0588","HadesField_0588","","","","真是徒劳。","","",""
"Integrated","HadesField_","0589","HadesField_0589","","","","有勇无谋。","","",""
"Integrated","HadesField_","0590","HadesField_0590","","","","我看不行。","","",""
"Integrated","HadesField_","0591","HadesField_0591","","","","我觉得不行。","","",""
"Integrated","HadesField_","0592","HadesField_0592","","","","呃啊……","","",""
"Integrated","HadesField_","0593","HadesField_0593","","","","怎么可能……","","",""
"Integrated","HadesField_","0594","HadesField_0594","","","","不……","","",""
"Integrated","HadesField_","0595","HadesField_0595","","","","嗯嗯……","","",""
"Integrated","HadesField_","0596","HadesField_0596","","","","既然如此……","","",""
"Integrated","HadesField_","0597","HadesField_0597","","","","我明白了……","","",""
"Integrated","HadesField_","0598","HadesField_0598","","","","好吧……","","",""
"Integrated","HadesField_","0617","HadesField_0617","","","","<叹气>","","",""
"Integrated","HadesField_","0625","HadesField_0625","","","","刻耳柏洛斯！！","","",""
"Integrated","HadesField_","0626","HadesField_0626","","","","刻耳柏洛斯！！","","",""
"Integrated","HadesField_","0627","HadesField_0627","","","","刻耳柏洛斯？！","","",""
"Integrated","HadesField_","0628","HadesField_0628","","","","来吧， 刻耳柏洛斯！！","","",""
"Integrated","HadesField_","0629","HadesField_0629","","","","我就在这里！！","","",""
"Integrated","HadesField_","0630","HadesField_0630","","","","没错，我听到你了！","","",""
"Integrated","HadesField_","0631","HadesField_0631","","","","什么？！","","",""
"Integrated","HadesField_","0632","HadesField_0632","","","","小子！！","","",""
"Integrated","HadesField_","0633","HadesField_0633","","","","儿子！！","","",""
"Integrated","HadesField_","0634","HadesField_0634","","","","啊，闭嘴吧！","","",""
"Integrated","HadesField_","0635","HadesField_0635","","","","消失吧，看看我在不在乎！","","",""
"Integrated","HadesField_","0636","HadesField_0636","","","","死者之魂，赐我力量！","","",""
"Integrated","HadesField_","0637","HadesField_0637","","","","跨越死亡，重获新生！","","",""
"Integrated","HadesField_","0638","HadesField_0638","","","","死者之魂，来我身边！","","",""
"Integrated","HadesField_","0639","HadesField_0639","","","","这些凡人的灵魂属于我！","","",""
"Integrated","HadesField_","0640","HadesField_0640","","","","你是打不败我的，孩子！","","",""
"Integrated","HadesField_","0641","HadesField_0641","","","","被诅咒的灵魂啊，来我身边！","","",""
"Integrated","HadesField_","0642","HadesField_0642","","","","你们这些亡魂都属于我！","","",""
"Integrated","HadesField_","0643","HadesField_0643","","","","我会再度重生！","","",""
"Integrated","HadesField_","0644","HadesField_0644","","","","化为黑暗吧，暗灵们，消灭他！","","",""
"Integrated","HadesField_","0645","HadesField_0645","","","","来我身边，暗灵们！我会隐去你们的身型！","","",""
"Integrated","HadesField_","0646","HadesField_0646","","","","苏醒吧，暗灵们，不露痕迹地战斗吧！","","",""
"Integrated","HadesField_","0647","HadesField_0647","","","","永生不死的暗灵啊，我命令你们战斗！","","",""
"Integrated","HadesField_","0648","HadesField_0648","","","","来我身边，暗灵，听我号令！","","",""
"Integrated","HadesField_","0649","HadesField_0649","","","","我可不会再输给你了！！","","",""
"Integrated","HadesField_","0650","HadesField_0650","","","","我……还……能……打！","","",""
"Integrated","HadesField_","0651","HadesField_0651","","","","还没……完……呢！","","",""
"Integrated","HadesField_","0652","HadesField_0652","","","","让我看看你能不能接得住这一招！","","",""
"Integrated","HadesField_","0653","HadesField_0653","","","","你……杀不死……我……","","",""
"Integrated","HadesField_","0654","HadesField_0654","","","","来受死吧！","","",""
"Integrated","HadesField_","0655","HadesField_0655","","","","好了，就是这样！","","",""
"Integrated","HadesField_","0656","HadesField_0656","","","","来和我真刀真枪打一场，该死的！","","",""
"Integrated","HadesField_","0663","HadesField_0663","","","","宙斯……！","","",""
"Integrated","HadesField_","0664","HadesField_0664","","","","弟弟？真该死！","","",""
"Integrated","HadesField_","0665","HadesField_0665","","","","波塞冬……！","","",""
"Integrated","HadesField_","0666","HadesField_0666","","","","二弟，你这个混蛋！","","",""
"Integrated","HadesField_","0667","HadesField_0667","","","","等她的护盾失效了，我就杀了你。","","",""
"Integrated","HadesField_","0668","HadesField_0668","","","","雅典娜要是聪明的话，就根本不该插手！","","",""
"Integrated","HadesField_","0669","HadesField_0669","","","","这种时候你要找她吗？！","","",""
"Integrated","HadesField_","0670","HadesField_0670","","","","别以为我会分心，孩子！","","",""
"Integrated","HadesField_","0671","HadesField_0671","","","","猎物是你，不是我。","","",""
"Integrated","HadesField_","0672","HadesField_0672","","","","这几支箭可远远不够！","","",""
"Integrated","HadesField_","0673","HadesField_0673","","","","赶紧给我变回去，孩子！","","",""
"Integrated","HadesField_","0674","HadesField_0674","","","","你的变形术持续不了多长时间。","","",""
"Integrated","HadesField_","0675","HadesField_0675","","","","你觉得这种时候该庆祝吗，孩子？！","","",""
"Integrated","HadesField_","0676","HadesField_0676","","","","你的愚蠢让你的感觉都变钝了！","","",""
"Integrated","HadesField_","0677","HadesField_0677","","","","这点凉气对我没什么影响！","","",""
"Integrated","HadesField_","0678","HadesField_0678","","","","得墨忒尔，你……！","","",""
"Integrated","HadesField_","0679","HadesField_0679","","","","呃啊啊……！","","",""
"Integrated","HadesField_","0680","HadesField_0680","","","","你和你那些亲戚们！","","",""
"Integrated","HadesField_","0681","HadesField_0681","","","","那该死的……！","","",""
"Integrated","HadesField_","0682","HadesField_0682","","","","那家伙竟敢……！","","",""
"Integrated","HadesField_","0683","HadesField_0683","","","","呃啊，捣乱的家伙！","","",""
"Integrated","HadesField_","0684","HadesField_0684","","","","想哭就哭吧！","","",""
"Integrated","HadesField_","0685","HadesField_0685","","","","亲自来面对我啊！","","",""
"Integrated","HadesField_","0686","HadesField_0686","","","","不要把奥林匹斯神牵扯进来！","","",""
