"Hades","ID","ID","ID","","","","Line","","","Notes by DK"
"Integrated","Hades_","0002","Hades_0002","","","","傻孩子。我早说过你会回来。这次在我的地盘搞破坏搞得怎么样？","","",""
"Integrated","Hades_","0003","Hades_0003","","","","被自己的亲人如此侮辱。我实在无法理解你为何这样愚蠢，孩子，你的愚蠢已经到达了一种极致。","","",""
"To Be Integrated","Hades_","0007","Hades_0007","","","","嗯，好的，真厉害，孩子。现在别烦了。塔耳塔罗斯今天有数万的亡灵等着我呢。狗屁战争！屁用都没有。","","",""
"Unused","Hades_","0011","Hades_0011","","","","就好像我的王国只为留住你一样。你，还有每一个曾经活过的亡灵。不过，你这是在逃避自己。","","",""
"Unused","Hades_","0028","Hades_0028","","","","离开这里。","","",""
"Unused","Hades_","0029","Hades_0029","","","","走吧。","","",""
"Unused","Hades_","0030","Hades_0030","","","","我已无话可说。","","",""
"Unused","Hades_","0031","Hades_0031","","","","离我远点。","","",""
"Unused","Hades_","0032","Hades_0032","","","","没有兴趣，孩子。","","",""
"Unused","Hades_","0033","Hades_0033","","","","我们的谈话已经完整结束了。","","",""
"Unused","Hades_","0034","Hades_0034","","","","我说了不要找我说话。","","",""
"Unused","Hades_","0035","Hades_0035","","","","做你自己的事去吧。","","",""
"Unused","Hades_","0036","Hades_0036","","","","现在没空。","","",""
"Unused","Hades_","0037","Hades_0037","","","","我说了你走。","","",""
"Unused","Hades_","0038","Hades_0038","","","","我现在很忙，别来找我。","","",""
"Unused","Hades_","0039","Hades_0039","","","","现在，我有事。","","",""
"Integrated","Hades_","0040","Hades_0040","","","","你真是够了，孩子。","","",""
"Integrated","Hades_","0041","Hades_0041","","","","想都不要想。","","",""
"Integrated","Hades_","0042","Hades_0042","","","","给我转身走人。","","",""
"Integrated","Hades_","0043","Hades_0043","","","","我觉得不行，孩子。","","",""
"Integrated","Hades_","0044","Hades_0044","","","","停止你的套话行为。","","",""
"Integrated","Hades_","0045","Hades_0045","","","","我说了让你走开。","","",""
"Integrated","Hades_","0046","Hades_0046","","","","你不要来这里。","","",""
"Integrated","Hades_","0047","Hades_0047","","","","不要烦人。","","",""
"Integrated","Hades_","0048","Hades_0048","","","","不要过来。","","",""
"Integrated","Hades_","0049","Hades_0049","","","","滚开，孩子。","","",""
"Integrated","Hades_","0050","Hades_0050","","","","可悲。","","",""
"Integrated","Hades_","0051","Hades_0051","","","","没用。","","",""
"Integrated","Hades_","0052","Hades_0052","","","","不行。","","",""
"Integrated","Hades_","0053","Hades_0053","","","","似乎痒了一下。","","",""
"Integrated","Hades_","0054","Hades_0054","","","","这是在开什么玩笑吗？","","",""
"Integrated","Hades_","0055","Hades_0055","","","","你这次又想怎么样？","","",""
"Unused","Hades_","0056","Hades_0056","","","","快点滚开，小子。","","",""
"Integrated","Hades_","0057","Hades_0057","","","","你真是个白痴。","","",""
"Integrated","Hades_","0058","Hades_0058","","","","被自己的亲人如此侮辱。","","",""
"Integrated","Hades_","0059","Hades_0059","","","","真差劲。","","",""
"Integrated","Hades_","0060","Hades_0060","","","","可别逗我笑了。","","",""
"Integrated","Hades_","0061","Hades_0061","","","","死亡是不可避免的。如果你不同意…那你就试试吧。","","",""
"Integrated","Hades_","0062","Hades_0062","","","","家人？死亡是你唯一的家人。死亡，还有我。你最好能让自己习惯起来。","","",""
"Integrated","Hades_","0063","Hades_0063","","","","我说过了不管是死人还是活人，没人能离开这里。你觉得我开玩笑？你觉得我自己就没试过？","","",""
"Integrated","Hades_","0064","Hades_0064","","","","这狗不是养着好玩的，孩子！刻耳伯洛斯守护着这个地方，不让生者进来，也不会放亡灵出去。","","",""
"Integrated","Hades_","0065","Hades_0065","","","","你太弱了，孩子！简直丢人！现在再进攻一次，这次用点力！","","",""
"Integrated","Hades_","0066","Hades_0066","","","","注意自己的脚下，笨蛋！我的圣殿可不是遍地污秽的猪圈！","","",""
"Integrated","Hades_","0067","Hades_0067","","","","凡人的一生非常短暂，并且充满痛苦。你难道也寻求这样的生活吗，孩子？","","",""
"Integrated","Hades_","0068","Hades_0068","","","","我到底造了什么孽才养出你这么个愚蠢冷漠的混账东西？","","",""
"Integrated","Hades_","0069","Hades_0069","","","","死亡的恐惧控制着凡间的人类。你最好也学会恐惧是什么东西，听到了吗，孩子？","","",""
"Integrated","Hades_","0070","Hades_0070","","","","小兔崽子，真是岂有此理！你最好把你的笨嘴给我闭上，不然我亲自给你缝上！","","",""
"Greg","Hades_","0071","Hades_0071","","","","去死吧，宙斯弟弟，你也是，波塞冬，你们两个忘恩负义的混账。你们还有你们那些一个个怪物后代，你们的情妇，都在一起，一起愉快地度过山顶的每一分每一秒，而我却孤身一人！只能工作，照顾你们送来的一批又一批的人类亡灵，一批又一批。你们一声招呼都不打，甚至不曾主动联系我，就好像我这个兄弟根本不存在一样。我们当年一同打败了那些该死的泰坦，把他们禁锢在这地下，然后你们就像现在这样高枕无忧地幸福生活了？！那三个混账老巫女就给了我这样的命运吗，也许你们两个也掺了一脚吧，我发誓，我发誓…！我还没说我那个毫无良心可言的混账儿子，他正想着他那毫无希望的逃跑大计，现在弄得像我出资给他造反一样，这个不要脸的混账东西。他母亲肯定会感到骄傲吧，肯定的，没什么好说的，看到他这样糟蹋我的地盘，我的家，我的统治！这孩子，他甚至还拉拢了那条狗，很明显是继承了他母亲的狡诈。这些奥林匹斯山上的白痴东西，一个个都在怂恿他放弃一切，放弃我给他的一切！","","",""
"Integrated","Hades_","0072","Hades_0072","","","","<笑声>","","",""
"Integrated","Hades_","0073","Hades_0073","","","","<笑声>","","",""
"Integrated","Hades_","0074","Hades_0074","","","","<笑声>","","",""
"Integrated","Hades_","0075","Hades_0075","","","","<笑声>","","",""
"Integrated","Hades_","0076","Hades_0076","","","","<笑声>","","",""
"Integrated","Hades_","0077","Hades_0077","","","","<叹气>","","",""
"Integrated","Hades_","0078","Hades_0078","","","","<呻吟>","","",""
"Integrated","Hades_","0079","Hades_0079","","","","<嘲笑>","","",""
"Integrated","Hades_","0080","Hades_0080","","","","呃嗯嗯…","","",""
"Integrated","Hades_","0081","Hades_0081","","","","呃啊啊啊啊…","","",""
"Integrated","Hades_","0082","Hades_0082","","","","又回来了，嗯？","","",""
"Integrated","Hades_","0083","Hades_0083","","","","<啧，啧，啧，啧>真不幸，孩子。","","",""
"Integrated","Hades_","0084","Hades_0084","","","","嗯？","","",""
"Integrated","Hades_","0085","Hades_0085","","","","呃…","","",""
"Unused","Hades_","0086","Hades_0086","","","","<呼噜声>","","",""
"Integrated","Hades_","0087","Hades_0087","","","","这么快就回来了？","","",""
"Integrated","Hades_","0096","Hades_0096","","","","谁敢？","","",""
"Integrated","Hades_","0097","Hades_0097","","","","你敢？","","",""
"Integrated","Hades_","0098","Hades_0098","","","","小偷！","","",""
"Integrated","Hades_","0099","Hades_0099","","","","有人闯入！","","",""
"Integrated","Hades_","0100","Hades_0100","","","","你要为此付出代价！","","",""
"Integrated","Hades_","0101","Hades_0101","","","","你会后悔的！","","",""
"Integrated","Hades_","0102","Hades_0102","","","","那是私人财产。","","",""
"Integrated","Hades_","0103","Hades_0103","","","","有人入侵。","","",""
"Integrated","Hades_","0104","Hades_0104","","","","有小偷！","","",""
"Integrated","Hades_","0105","Hades_0105","","","","对犯罪行为零容忍。","","",""
"Integrated","Hades_","0106","Hades_0106","","","","这次就算是警告。","","",""
"Integrated","Hades_","0107","Hades_0107","","","","有害虫。","","",""
"Integrated","Hades_","0108","Hades_0108","","","","哎。","","",""
"Integrated","Hades_","0109","Hades_0109","","","","哎？","","",""
"Integrated","Hades_","0110","Hades_0110","","","","忘带东西了？","","",""
"Integrated","Hades_","0111","Hades_0111","","","","真可惜啊。","","",""
"Integrated","Hades_","0112","Hades_0112","","","","可惜。","","",""
"Integrated","Hades_","0113","Hades_0113","","","","丢人。","","",""
"Integrated","Hades_","0114","Hades_0114","","","","够了没？","","",""
"Integrated","Hades_","0115","Hades_0115","","","","啊，真倒霉啊。","","",""
"Integrated","Hades_","0116","Hades_0116","","","","没注意到你进来了。","","",""
"Integrated","Hades_","0117","Hades_0117","","","","哧。","","",""
"Integrated","Hades_","0118","Hades_0118","","","","你。","","",""
"Integrated","Hades_","0119","Hades_0119","","","","又是你。","","",""
"Integrated","Hades_","0120","Hades_0120","","","","不好意思打扰了，各位。","","",""
"Integrated","Hades_","0121","Hades_0121","","","","你就是学不会啊。","","",""
"Integrated","Hades_","0122","Hades_0122","","","","哎哟这是谁啊。","","",""
"Integrated","Hades_","0123","Hades_0123","","","","噢只能是你了。","","",""
"Integrated","Hades_","0144","Hades_0144","","","","下一位。","","",""
"Integrated","Hades_","0145","Hades_0145","","","","下一位…","","",""
"Integrated","Hades_","0146","Hades_0146","","","","下一位！","","",""
"Integrated","Hades_","0147","Hades_0147","","","","下一位…？","","",""
"Integrated","Hades_","0148","Hades_0148","","","","下一位！","","",""
"Integrated","Hades_","0149","Hades_0149","","","","下一位是谁。","","",""
"Integrated","Hades_","0150","Hades_0150","","","","下一位是谁？","","",""
"Integrated","Hades_","0151","Hades_0151","","","","继续。","","",""
"Integrated","Hades_","0152","Hades_0152","","","","来吧。","","",""
"Integrated","Hades_","0153","Hades_0153","","","","来吧。","","",""
"Integrated","Hades_","0154","Hades_0154","","","","请说明你的业务。","","",""
"Integrated","Hades_","0155","Hades_0155","","","","请说明你的目的。","","",""
"Integrated","Hades_","0156","Hades_0156","","","","请说明你的情况。","","",""
"Integrated","Hades_","0157","Hades_0157","","","","请说明要求。","","",""
"Integrated","Hades_","0158","Hades_0158","","","","怎么了。","","",""
"Integrated","Hades_","0159","Hades_0159","","","","搞快点。","","",""
"Integrated","Hades_","0160","Hades_0160","","","","什么。","","",""
"Integrated","Hades_","0161","Hades_0161","","","","嗯？","","",""
"Integrated","Hades_","0162","Hades_0162","","","","你为什么在这里。","","",""
"Integrated","Hades_","0163","Hades_0163","","","","什么业务？","","",""
"Integrated","Hades_","0164","Hades_0164","","","","嗯。","","",""
"Integrated","Hades_","0165","Hades_0165","","","","嗯——","","",""
"Integrated","Hades_","0166","Hades_0166","","","","嗯。","","",""
"Integrated","Hades_","0167","Hades_0167","","","","哼。","","",""
"Integrated","Hades_","0168","Hades_0168","","","","继续。","","",""
"Integrated","Hades_","0169","Hades_0169","","","","没错。","","",""
"Integrated","Hades_","0170","Hades_0170","","","","没错？","","",""
"Integrated","Hades_","0171","Hades_0171","","","","其他呢？","","",""
"Integrated","Hades_","0172","Hades_0172","","","","真的。","","",""
"Integrated","Hades_","0173","Hades_0173","","","","我明白了。","","",""
"Integrated","Hades_","0174","Hades_0174","","","","允许。","","",""
"Integrated","Hades_","0175","Hades_0175","","","","允许！","","",""
"Integrated","Hades_","0176","Hades_0176","","","","允许…","","",""
"Integrated","Hades_","0177","Hades_0177","","","","要求同意。","","",""
"Integrated","Hades_","0178","Hades_0178","","","","同意你的要求。","","",""
"Integrated","Hades_","0179","Hades_0179","","","","有道理。同意。","","",""
"Integrated","Hades_","0180","Hades_0180","","","","不错。同意要求。","","",""
"Integrated","Hades_","0181","Hades_0181","","","","行了，同意。","","",""
"Integrated","Hades_","0182","Hades_0182","","","","好吧，同意。","","",""
"Integrated","Hades_","0183","Hades_0183","","","","同意。仅这次。","","",""
"Integrated","Hades_","0184","Hades_0184","","","","拒绝。","","",""
"Integrated","Hades_","0185","Hades_0185","","","","拒绝！","","",""
"Integrated","Hades_","0186","Hades_0186","","","","拒绝…","","",""
"Integrated","Hades_","0187","Hades_0187","","","","拒绝要求。","","",""
"Integrated","Hades_","0188","Hades_0188","","","","拒绝你的要求。","","",""
"Integrated","Hades_","0189","Hades_0189","","","","不可能。拒绝。","","",""
"Integrated","Hades_","0190","Hades_0190","","","","可笑。拒绝。","","",""
"Integrated","Hades_","0191","Hades_0191","","","","浪费时间。拒绝。","","",""
"Integrated","Hades_","0192","Hades_0192","","","","当然不行。拒绝。","","",""
"Integrated","Hades_","0193","Hades_0193","","","","完全拒绝。","","",""
"Integrated","Hades_","0194","Hades_0194","","","","荒谬。拒绝。","","",""
"Integrated","Hades_","0195","Hades_0195","","","","拒绝，你可以走了。","","",""
"Integrated","Hades_","0196","Hades_0196","","","","你真的很喜欢问问题啊，孩子。不知道你喜不喜欢做一个安静一点的人。","","",""
"Integrated","Hades_","0197","Hades_0197","","","","不许你在这家里提那个该死的奥林匹斯山，听到没有？也不许提上面的家伙的名字。","","",""
"Integrated","Hades_","0198","Hades_0198","","","","跟我说：血与黑暗。这是个诅咒，孩子。跟我说，来。血，与，黑暗。这两样东西在这里要多少有多少。","","",""
"Integrated","Hades_","0199","Hades_0199","","","","你也是时候学会成为一个独当一面的神，树立自己的威信了。为此，我特地聘请了最伟大的希腊人。","","",""
"Integrated","Hades_","0200","Hades_0200","","","","你以为自己在哪儿？你以为自己在跟谁说话？没人逃得出我的王国，不管是死是活。","","",""
"Integrated","Hades_","0201","Hades_0201","","","","你是不是想着有朝一日能见到你的宙斯叔叔？你想象一个一点自制力都没有，长着一头华丽白毛的我就行了。","","",""
"Integrated","Hades_","0202","Hades_0202","","","","在我的王国，你要么找到自己的定位，要么学习自己的定位。这里的工作做不完，相信我。","","",""
"Integrated","Hades_","0203","Hades_0203","","","","你属于这里。觉得不合适？你还想去哪儿，你还想让我怎么做？你就属于这里。","","",""
"Integrated","Hades_","0204","Hades_0204","","","","凡人有一点好，他们很快就能长大成人。这位是复仇女神，墨纪拉。她会在这一点上帮助你的。","","",""
"Integrated","Hades_","0205","Hades_0205","","","","亡者们会被审判发配到水仙花平原、至福乐土或是塔耳塔罗斯。我们会确保整个流程的整洁有序。大家可以进来，但是不准出去。","","",""
"Integrated","Hades_","0206","Hades_0206","","","","你的母亲是夜之圣母，你的兄弟是死神和睡神。那样的话，你是什么神？还没有哪个神敢跟我顶嘴的。","","",""
"Integrated","Hades_","0216","Hades_0216","","","","恭喜…！","","",""
"Integrated","Hades_","0217","Hades_0217","","","","恭喜你，孩子。","","",""
"Integrated","Hades_","0218","Hades_0218","","","","他可算回来了。","","",""
"Integrated","Hades_","0219","Hades_0219","","","","欢迎回家，孩子！","","",""
"Integrated","Hades_","0226","Hades_0226","","","","死亡是不可避免的。","","",""
"Integrated","Hades_","0227","Hades_0227","","","","你逃不出这里的。","","",""
"Integrated","Hades_","0228","Hades_0228","","","","真是够了。","","",""
"Integrated","Hades_","0229","Hades_0229","","","","冥界的卑劣暗灵啊，你们的机会来了。","","",""
"Integrated","Hades_","0230","Hades_0230","","","","来吧，暗灵们，阻止这个好事的人。","","",""
"Integrated","Hades_","0231","Hades_0231","","","","别以为我没注意到你，孩子。","","",""
"Integrated","Hades_","0232","Hades_0232","","","","你真以为自己能逃出这里？","","",""
"Integrated","Hades_","0233","Hades_0233","","","","让我们看看你能否活过这关吧。","","",""
"Integrated","Hades_","0234","Hades_0234","","","","不管是死人还是活人，没人能离开这里。","","",""
"Integrated","Hades_","0235","Hades_0235","","","","你已经严重违反宵禁了，孩子。","","",""
"Integrated","Hades_","0236","Hades_0236","","","","我已经受够你的无礼了。","","",""
"Integrated","Hades_","0237","Hades_0237","","","","到时候见。","","",""
"Integrated","Hades_","0238","Hades_0238","","","","你以为自己能大摇大摆走出这里？","","",""
"Integrated","Hades_","0239","Hades_0239","","","","如果你能给我一分钟的时间…","","",""
"Integrated","Hades_","0240","Hades_0240","","","","让我们看看你的奥林匹斯山亲戚要怎么帮你逃出这里。","","",""
"Integrated","Hades_","0241","Hades_0241","","","","现在请允许我向你介绍我忠实的臣民们。","","",""
"Integrated","Hades_","0242","Hades_0242","","","","你哪儿也去不了。","","",""
"Integrated","Hades_","0243","Hades_0243","","","","够了！","","",""
"Integrated","Hades_","0244","Hades_0244","","","","没用的暗灵。","","",""
"Integrated","Hades_","0245","Hades_0245","","","","呸，废物。","","",""
"Integrated","Hades_","0246","Hades_0246","","","","血与黑暗啊。","","",""
"Integrated","Hades_","0247","Hades_0247","","","","他们怎么就不行。","","",""
"Integrated","Hades_","0248","Hades_0248","","","","我待会再跟你算账。","","",""
"Integrated","Hades_","0249","Hades_0249","","","","你全都通过了？","","",""
"Integrated","Hades_","0250","Hades_0250","","","","那这些谁来打扫啊？","","",""
"Integrated","Hades_","0251","Hades_0251","","","","愚蠢！","","",""
"Integrated","Hades_","0252","Hades_0252","","","","没用！","","",""
"Integrated","Hades_","0253","Hades_0253","","","","没用！","","",""
"Integrated","Hades_","0254","Hades_0254","","","","白痴。","","",""
"Integrated","Hades_","0255","Hades_0255","","","","看样子我要找更好的帮手了。","","",""
"Integrated","Hades_","0256","Hades_0256","","","","跟他们一同去最深的深渊吧。","","",""
"Integrated","Hades_","0257","Hades_0257","","","","够了，我还有其他事要做。","","",""
"Integrated","Hades_","0258","Hades_0258","","","","咳，你浪费我时间。","","",""
"Integrated","Hades_","0259","Hades_0259","","","","我没告诉过你吗？","","",""
"Integrated","Hades_","0260","Hades_0260","","","","我不是告诉过你了吗。","","",""
"Integrated","Hades_","0261","Hades_0261","","","","你还想怎么样？","","",""
"Integrated","Hades_","0262","Hades_0262","","","","你还想怎么样。","","",""
"Integrated","Hades_","0263","Hades_0263","","","","这样的攻击竟然都没有躲掉？","","",""
"Integrated","Hades_","0264","Hades_0264","","","","这是不可避免的。","","",""
"Integrated","Hades_","0265","Hades_0265","","","","回家再见。","","",""
"Integrated","Hades_","0266","Hades_0266","","","","你太弱了，孩子。","","",""
"Integrated","Hades_","0267","Hades_0267","","","","你就这点本事吗？","","",""
"Integrated","Hades_","0268","Hades_0268","","","","像个凡人一样死去吧。","","",""
"Integrated","Hades_","0269","Hades_0269","","","","噢，就这？","","",""
"Integrated","Hades_","0270","Hades_0270","","","","<笑声>","","",""
"Integrated","Hades_","0271","Hades_0271","","","","<笑声>","","",""
"Integrated","Hades_","0272","Hades_0272","","","","<笑声>","","",""
"Integrated","Hades_","0273","Hades_0273","","","","你不敢。","","",""
"Integrated","Hades_","0274","Hades_0274","","","","你怎么…呃。","","",""
"Integrated","Hades_","0275","Hades_0275","","","","继续尝试吧。","","",""
"Integrated","Hades_","0276","Hades_0276","","","","你哪儿也去不了，孩子。","","",""
"Integrated","Hades_","0277","Hades_0277","","","","你不过如此。","","",""
"Integrated","Hades_","0278","Hades_0278","","","","墨纪拉又失败了？","","",""
"Integrated","Hades_","0279","Hades_0279","","","","不准你离开塔耳塔罗斯…！","","",""
"Integrated","Hades_","0280","Hades_0280","","","","看样子复仇女神失败了。","","",""
"Integrated","Hades_","0289","Hades_0289","","","","看看你是否真的如自己所想那样厉害。","","",""
"Integrated","Hades_","0290","Hades_0290","","","","冥界的暗灵啊，把他拿下。","","",""
"Integrated","Hades_","0291","Hades_0291","","","","看看你到底几斤几两。","","",""
"Integrated","Hades_","0292","Hades_0292","","","","来打一场怎么样，孩子。","","",""
"Integrated","Hades_","0293","Hades_0293","","","","我的暗灵都来吧。","","",""
"Integrated","Hades_","0294","Hades_0294","","","","看看你怎么对付这个。","","",""
"Integrated","Hades_","0295","Hades_0295","","","","我给你个挑战，孩子。","","",""
"Integrated","Hades_","0296","Hades_0296","","","","你能躲开我的暗灵吗，孩子？","","",""
"Integrated","Hades_","0297","Hades_0297","","","","拿下他，暗灵们，就现在！","","",""
"Integrated","Hades_","0298","Hades_0298","","","","现在该还了。","","",""
"Integrated","Hades_","0299","Hades_0299","","","","想看看你怎么对付这些。","","",""
"Integrated","Hades_","0300","Hades_0300","","","","可别被击中了，孩子！","","",""
"Integrated","Hades_","0301","Hades_0301","","","","<大笑>","","",""
"Integrated","Hades_","0302","Hades_0302","","","","<大笑>","","",""
"Integrated","Hades_","0303","Hades_0303","","","","<大笑>","","",""
"Integrated","Hades_","0304","Hades_0304","","","","意料之中。","","",""
"Integrated","Hades_","0305","Hades_0305","","","","又失败了。","","",""
"Integrated","Hades_","0306","Hades_0306","","","","噢，真不好啊。","","",""
"Integrated","Hades_","0307","Hades_0307","","","","你总是这样慢啊，孩子。","","",""
"Integrated","Hades_","0308","Hades_0308","","","","你失败了。","","",""
"Integrated","Hades_","0309","Hades_0309","","","","我就知道你办不到的。","","",""
"Integrated","Hades_","0310","Hades_0310","","","","可以预料。","","",""
"Integrated","Hades_","0311","Hades_0311","","","","笑死人了。","","",""
"Integrated","Hades_","0312","Hades_0312","","","","哎哟。","","",""
"Integrated","Hades_","0313","Hades_0313","","","","你真得感谢命运之神。","","",""
"Integrated","Hades_","0314","Hades_0314","","","","丢人现眼。","","",""
"Integrated","Hades_","0315","Hades_0315","","","","蠢到家了。","","",""
"Integrated","Hades_","0316","Hades_0316","","","","全靠运气。","","",""
"Integrated","Hades_","0317","Hades_0317","","","","你还真是好运啊。","","",""
"Integrated","Hades_","0318","Hades_0318","","","","够了吧。","","",""
"Integrated","Hades_","0319","Hades_0319","","","","呃…","","",""
"Integrated","Hades_","0320","Hades_0320","","","","<嘲笑>","","",""
"Integrated","Hades_","0321","Hades_0321","","","","可恶。","","",""
"Integrated","Hades_","0322","Hades_0322","","","","幸灾乐祸吧。","","",""
"Integrated","Hades_","0323","Hades_0323","","","","呸，这些亡灵真废物。","","",""
"Integrated","Hades_","0324","Hades_0324","","","","行吧，你就拿着那小玩意吧。","","",""
"Integrated","Hades_","0325","Hades_0325","","","","墨纪拉看来遇到了困难。","","",""
"Integrated","Hades_","0326","Hades_0326","","","","去水仙花平原，去死吧。","","",""
"Integrated","Hades_","0327","Hades_0327","","","","这段时间在塔耳塔罗斯还愉快吗？","","",""
"Integrated","Hades_","0328","Hades_0328","","","","塔耳塔罗斯容不下你了。","","",""
"Integrated","Hades_","0329","Hades_0329","","","","真是悲惨啊。","","",""
"Integrated","Hades_","0330","Hades_0330","","","","你的时间到了，孩子。","","",""
"Integrated","Hades_","0331","Hades_0331","","","","该长点心了。","","",""
"Integrated","Hades_","0332","Hades_0332","","","","不管发生了什么？","","",""
"Integrated","Hades_","0333","Hades_0333","","","","你不可能的。没人做得到。","","",""
"Integrated","Hades_","0334","Hades_0334","","","","如诗一般的悲惨。","","",""
"Integrated","Hades_","0335","Hades_0335","","","","死了多少次了？","","",""
"Integrated","Hades_","0336","Hades_0336","","","","你就是学不会啊。","","",""
"Integrated","Hades_","0337","Hades_0337","","","","我没告诉过你吗？","","",""
"Integrated","Hades_","0356","Hades_0356","","","","九头蛇的头会重新长出来的，孩子。","","",""
"Integrated","Hades_","0357","Hades_0357","","","","他又来了，刻耳伯洛斯！","","",""
"Integrated","Hades_","0358","Hades_0358","","","","大家都看看啊，这是谁！","","",""
"Integrated","Hades_","0359","Hades_0359","","","","他做到了，刻耳伯洛斯！","","",""
"Integrated","Hades_","0360","Hades_0360","","","","你别想再前进了，孩子。起码现在不行。","","",""
"Integrated","Hades_","0361","Hades_0361","","","","阿勒克图失败了…？！","","",""
"Integrated","Hades_","0362","Hades_0362","","","","阿勒克图和她的姐妹一样失败了。","","",""
"Integrated","Hades_","0363","Hades_0363","","","","提西福涅失败了，是吧。","","",""
"Integrated","Hades_","0364","Hades_0364","","","","提西福涅，败了…？！","","",""
"Integrated","Hades_","0365","Hades_0365","","","","骇人的复仇三女神也不过如此。","","",""
"Integrated","Hades_","0366","Hades_0366","","","","你只属于这里。和我一样。外面的世界其实没有什么好看的。","","",""
"Integrated","Hades_","0367","Hades_0367","","","","波塞冬就是个举世无双的白痴，做他的兄弟我自己都感到丢人。他在地上世界怎么造都行，但是这里不欢迎他。","","",""
"Integrated","Hades_","0368","Hades_0368","","","","至福乐土？那里不是给好人呆的，是给强者呆的。强大的国王或者杀手，都一样。他们在世界上留下了自己的印记。你呢？","","",""
"Integrated","Hades_","0369","Hades_0369","","","","因为生前犯下的错，无论自己有多么愤恨，塔耳塔罗斯的暗灵们在死后都与我连结在了一起。他们听命于我，这点跟你大不相同。","","",""
"Integrated","Hades_","0370","Hades_0370","","","","你到底要我解释几次？每道惩罚契约在签好后都要密封，存档。而不是随便乱放！","","",""
"Integrated","Hades_","0371","Hades_0371","","","","孩子，到底是什么原因，让你觉得自己可以对我如此不敬？你绝对不敢这样跟倪克斯说话！","","",""
"Integrated","Hades_","0372","Hades_0372","","","","水仙花平原又发水灾了，这次还带火了！这可不是那里的居民们期待的死后生活，是吧，孩子？","","",""
"Integrated","Hades_","0373","Hades_0373","","","","我敢保证，你缺乏修普诺斯的乐观和塔纳托斯的能力，但是你的任性，比两者加起来还要多！","","",""
"Integrated","Hades_","0374","Hades_0374","","","","你这狗窝一样乱的房间，是不是还觉得挺自豪的？","","",""
"Integrated","Hades_","0375","Hades_0375","","","","别再去塔耳塔罗斯的深渊了，又或是跟那里的居民一样深陷其中。那种地方，还是不接近为好。","","",""
"Integrated","Hades_","0376","Hades_0376","","","","尽管在你的房间里生闷气吧，好像我在乎似的！我有的是时间来做这些工作，根本不需要你的帮助。","","",""
"Integrated","Hades_","0377","Hades_0377","","","","为什么你会像凡人一样流血？出现异常了呗！这事没什么好骄傲的。我希望你不要跟别人说。","","",""
"Integrated","Hades_","0378","Hades_0378","","","","不准你用那种眼神看我，孩子，你不配。用它去看你自己吧。你房间里不是有镜子吗？","","",""
"Integrated","Hades_","0379","Hades_0379","","","","真是太恶心了。孩子，你再那样朝我身上扔你的血，我就把你丢到冥河里淹死你。","","",""
"Integrated","Hades_","0380","Hades_0380","","","","你通过了我的九头蛇。","","",""
"Integrated","Hades_","0381","Hades_0381","","","","九头蛇又被你打败了。","","",""
"Integrated","Hades_","0382","Hades_0382","","","","你想去哪儿？","","",""
"Integrated","Hades_","0383","Hades_0383","","","","没有什么天堂，孩子。","","",""
"Integrated","Hades_","0384","Hades_0384","","","","踏步别那么重，孩子。","","",""
"Integrated","Hades_","0385","Hades_0385","","","","你在测试我的耐心。","","",""
"Integrated","Hades_","0386","Hades_0386","","","","还在呢？","","",""
"Integrated","Hades_","0387","Hades_0387","","","","马上就能让你回去了。","","",""
"Integrated","Hades_","0388","Hades_0388","","","","不准前进了，孩子。我警告你。","","",""
"Integrated","Hades_","0389","Hades_0389","","","","你怎么这么狠心，孩子？九头蛇也有家啊！","","",""
"Integrated","Hades_","0390","Hades_0390","","","","你的胜利不过是昙花一现。","","",""
"Integrated","Hades_","0391","Hades_0391","","","","噢，我没注意到你进来了。","","",""
"Integrated","Hades_","0392","Hades_0392","","","","相信你在水仙花平原一定很愉快吧？","","",""
"Integrated","Hades_","0393","Hades_0393","","","","你以为自己能大摇大摆进入至福乐土？","","",""
"Integrated","Hades_","0404","Hades_0404","","","","至福乐土的最强战士倒下了！","","",""
"Integrated","Hades_","0405","Hades_0405","","","","一路杀出至福乐土，结果倒在了这里。","","",""
"Integrated","Hades_","0406","Hades_0406","","","","还没发现吗，孩子？你被困住了。","","",""
"Integrated","Hades_","0407","Hades_0407","","","","至福乐土因为你又开始搞武斗了。","","",""
"Integrated","Hades_","0408","Hades_0408","","","","我不认为你够格，孩子。","","",""
"Integrated","Hades_","0413","Hades_0413","","","","我知道你在哪儿。","","",""
"Integrated","Hades_","0414","Hades_0414","","","","你逃不掉的。","","",""
"Integrated","Hades_","0415","Hades_0415","","","","你想去哪儿？","","",""
"Integrated","Hades_","0416","Hades_0416","","","","停住。","","",""
"Integrated","Hades_","0417","Hades_0417","","","","你应该见好就收。","","",""
"Integrated","Hades_","0418","Hades_0418","","","","你被困住了，孩子。懂吗？","","",""
"Integrated","Hades_","0419","Hades_0419","","","","好了，停下吧！","","",""
"Integrated","Hades_","0420","Hades_0420","","","","我们时间不够了。","","",""
"Integrated","Hades_","0421","Hades_0421","","","","呸，够了！","","",""
"Integrated","Hades_","0422","Hades_0422","","","","很明显低于我的预期了。","","",""
"Integrated","Hades_","0423","Hades_0423","","","","下次手脚快点！","","",""
"Integrated","Hades_","0424","Hades_0424","","","","胡闹够了！","","",""
"Integrated","Hades_","0431","Hades_0431","","","","嗯，嗯，嗯。","","",""
"Integrated","Hades_","0432","Hades_0432","","","","哼！我正在找你呢。","","",""
"Integrated","Hades_","0433","Hades_0433","","","","一切照旧。","","",""
"Integrated","Hades_","0434","Hades_0434","","","","长点心没有？","","",""
"Integrated","Hades_","0435","Hades_0435","","","","唉，冥界翻修计划。","","",""
"Integrated","Hades_","0436","Hades_0436","","","","我前脚坐下你后脚就回来了。","","",""
"Integrated","Hades_","0437","Hades_0437","","","","解决萨提尔的问题没有？","","",""
"Integrated","Hades_","0438","Hades_0438","","","","你注定要乖乖待在我的领地上，孩子。","","",""
"Integrated","Hades_","0439","Hades_0439","","","","真是累啊…","","",""
"Integrated","Hades_","0440","Hades_0440","","","","呃，他怎么…你。","","",""
"Integrated","Hades_","0441","Hades_0441","","","","这么说你通过了至福乐土最强战士的考验。","","",""
"Integrated","Hades_","0442","Hades_0442","","","","忒修斯国王竟然败在你的手下了。","","",""
"Integrated","Hades_","0443","Hades_0443","","","","再挣扎也没用。","","",""
"Integrated","Hades_","0444","Hades_0444","","","","你真以为自己能逃出这里？","","",""
"Integrated","Hades_","0445","Hades_0445","","","","你打败了至福乐土的最强战士。","","",""
"Integrated","Hades_","0446","Hades_0446","","","","你可别逼我上去，孩子。","","",""
"Integrated","Hades_","0447","Hades_0447","","","","外面的世界没有什么好的。","","",""
"Integrated","Hades_","0448","Hades_0448","","","","最坏的还没来呢，孩子。","","",""
"Integrated","Hades_","0449","Hades_0449","","","","你以为自己能大摇大摆从我这里走过？","","",""
"Integrated","Hades_","0450","Hades_0450","","","","忒修斯真是令人失望了。","","",""
"Integrated","Hades_","0451","Hades_0451","","","","是不是又要我派刻耳伯洛斯阻止你？","","",""
"Integrated","Hades_","0452","Hades_0452","","","","我应该跟忒修斯国王谈一谈了。","","",""
"Integrated","Hades_","0453","Hades_0453","","","","你的固执只会带给你痛苦。","","",""
"Integrated","Hades_","0454","Hades_0454","","","","如果必须的话，我会亲手阻止你。","","",""
"Integrated","Hades_","0463","Hades_0463","","","","至福乐土的最强战士们，证明你们自己吧！","","",""
"Integrated","Hades_","0464","Hades_0464","","","","来吧，至福乐土的英雄们，给我拿下这个入侵者！","","",""
"Integrated","Hades_","0465","Hades_0465","","","","是我高看这些高级战士了。","","",""
"Integrated","Hades_","0466","Hades_0466","","","","这些最强战士也不过如此吧。","","",""
"Integrated","Hades_","0467","Hades_0467","","","","要去地上是不可能的。而且，你现在不准进入冥河神庙，直到你处理完那里的问题为止。","","",""
"Integrated","Hades_","0468","Hades_0468","","","","想知道清风拂面的感觉？凉爽的海风？相信我，你不会喜欢这种东西的。","","",""
"Integrated","Hades_","0469","Hades_0469","","","","你是神，孩子，但是在某种程度上，你也会死，正如你现在所知道的。这种感觉是最不舒服的，对吧？","","",""
"Integrated","Hades_","0470","Hades_0470","","","","河流把这冥界分隔成几个不同的区域，每一个暗灵都知道，并且不会擅自跨越这些区域！","","",""
"Integrated","Hades_","0471","Hades_0471","","","","为什么家里的几间房子是锁上的？有权进入的人是不会问这个问题的。你不可能想去哪儿就去哪儿。","","",""
"Integrated","Hades_","0487","Hades_0487","","","","你给我回来。","","",""
"Integrated","Hades_","0488","Hades_0488","","","","做你的事去。","","",""
"Integrated","Hades_","0489","Hades_0489","","","","小子，你惹恼我了。","","",""
"Integrated","Hades_","0490","Hades_0490","","","","快现身吧。","","",""
"Integrated","Hades_","0491","Hades_0491","","","","离开那儿。","","",""
"Integrated","Hades_","0492","Hades_0492","","","","别犯傻了。","","",""
"Integrated","Hades_","0493","Hades_0493","","","","你没有别的地方可以待吗？","","",""
"Integrated","Hades_","0494","Hades_0494","","","","离开那里。","","",""
"Integrated","Hades_","0495","Hades_0495","","","","快停下来，小子。","","",""
"Integrated","Hades_","0496","Hades_0496","","","","你没事干了么？","","",""
"Integrated","Hades_","0497","Hades_0497","","","","我很抱歉他打扰你了，刻耳柏洛斯。","","",""
"Integrated","Hades_","0498","Hades_0498","","","","别去烦那条狗了。","","",""
"Integrated","Hades_","0499","Hades_0499","","","","让那条狗休息休息吧。","","",""
"Integrated","Hades_","0500","Hades_0500","","","","刻耳柏洛斯只是装着在乎你。","","",""
"Integrated","Hades_","0501","Hades_0501","","","","别让他把你骗了，刻耳柏洛斯。","","",""
"Integrated","Hades_","0502","Hades_0502","","","","去别处找同情去。","","",""
"Integrated","Hades_","0503","Hades_0503","","","","我听着就难受。","","",""
"Integrated","Hades_","0504","Hades_0504","","","","噢，拜托了。","","",""
"Integrated","Hades_","0505","Hades_0505","","","","你很幸运，刻耳柏洛斯看到了你身上的闪光点。","","",""
"Integrated","Hades_","0506","Hades_0506","","","","那条狗自己的麻烦事就够多了。","","",""
"Integrated","Hades_","0507","Hades_0507","","","","<嘲笑>","","",""
"Integrated","Hades_","0508","Hades_0508","","","","呃....","","",""
"Integrated","Hades_","0509","Hades_0509","","","","你有空装饰你的房间为什么不把它打扫一下？","","",""
"Integrated","Hades_","0510","Hades_0510","","","","颜色扎眼。","","",""
"Integrated","Hades_","0511","Hades_0511","","","","还是犹豫不决。","","",""
"Integrated","Hades_","0512","Hades_0512","","","","做个决定吧。","","",""
"Integrated","Hades_","0513","Hades_0513","","","","不要再换这该死的窗帘了。","","",""
"Integrated","Hades_","0514","Hades_0514","","","","你更应该关心其他事情，而不是这窗帘。","","",""
"Integrated","Hades_","0515","Hades_0515","","","","以前的挺好来着。","","",""
"Integrated","Hades_","0516","Hades_0516","","","","买的还可以。","","",""
"Integrated","Hades_","0517","Hades_0517","","","","谁要的？","","",""
"Integrated","Hades_","0518","Hades_0518","","","","我没有批准过这份开销。","","",""
"Integrated","Hades_","0519","Hades_0519","","","","它不在我的待办清单上。","","",""
"Integrated","Hades_","0520","Hades_0520","","","","如果你希望就这样浪费自己的财富。","","",""
"Integrated","Hades_","0521","Hades_0521","","","","你在对圣殿做什么。","","",""
"Integrated","Hades_","0522","Hades_0522","","","","我的承包商背叛了我...","","",""
"Integrated","Hades_","0523","Hades_0523","","","","这在这干嘛?","","",""
"Integrated","Hades_","0524","Hades_0524","","","","现在，我怀疑所有的工作都不曾完成过。","","",""
"Integrated","Hades_","0525","Hades_0525","","","","你终于把你的烂摊子给收拾了。","","",""
"Integrated","Hades_","0526","Hades_0526","","","","那不是你的错，刻耳柏洛斯。","","",""
"Integrated","Hades_","0527","Hades_0527","","","","你要温暖，去水仙花平原。","","",""
"Integrated","Hades_","0528","Hades_0528","","","","你以为那样就可以躲开我吗，小子？","","",""
"Integrated","Hades_","0529","Hades_0529","","","","之前的颜色挺好。","","",""
"Integrated","Hades_","0530","Hades_0530","","","","没意义的改变。","","",""
"Integrated","Hades_","0531","Hades_0531","","","","不需要如此放任我们的宫廷乐师。","","",""
"Integrated","Hades_","0532","Hades_0532","","","","嗯，这一个还不错。","","",""
"Integrated","Hades_","0533","Hades_0533","","","","你又买了什么。","","",""
"Integrated","Hades_","0534","Hades_0534","","","","我们要这个干什么？","","",""
"Integrated","Hades_","0535","Hades_0535","","","","这该是什么。","","",""
"Integrated","Hades_","0536","Hades_0536","","","","我不记得批准过这份开销。","","",""
"Integrated","Hades_","0537","Hades_0537","","","","我在试着工作。","","",""
"Integrated","Hades_","0538","Hades_0538","","","","你赶紧把那玩意儿给我关了。","","",""
"Integrated","Hades_","0539","Hades_0539","","","","还没到奏乐的时间！","","",""
"Integrated","Hades_","0540","Hades_0540","","","","小声点。","","",""
"Integrated","Hades_","0541","Hades_0541","","","","我说，小声点。","","",""
"Integrated","Hades_","0542","Hades_0542","","","","...正确的选择，也就这么一次。","","",""
"Integrated","Hades_","0543","Hades_0543","","","","你承受了复仇三女神团队合作的力量……","","",""
"Integrated","Hades_","0544","Hades_0544","","","","至少复仇三女神之间的关系好点了。","","",""
"Integrated","Hades_","0550","Hades_0550","","","","够了。出去。","","",""
"Integrated","Hades_","0551","Hades_0551","","","","你为什么……","","",""
"Integrated","Hades_","0552","Hades_0552","","","","这不属于你。","","",""
"Integrated","Hades_","0553","Hades_0553","","","","你又乱搞？","","",""
"Integrated","Hades_","0554","Hades_0554","","","","那可不太明智。","","",""
"Integrated","Hades_","0555","Hades_0555","","","","什——又是这样？","","",""
"Integrated","Hades_","0556","Hades_0556","","","","我的宝库不是用来被你洗劫一空的。","","",""
"Integrated","Hades_","0557","Hades_0557","","","","你这个贼。","","",""
"Integrated","Hades_","0558","Hades_0558","","","","保安！","","",""
"Integrated","Hades_","0559","Hades_0559","","","","真是白雇这些暗灵了。","","",""
"Integrated","Hades_","0560","Hades_0560","","","","够了。","","",""
"Integrated","Hades_","0561","Hades_0561","","","","好，随你的便。","","",""
"Integrated","Hades_","0562","Hades_0562","","","","你靠的不是自己的本事，小子。","","",""
"Integrated","Hades_","0563","Hades_0563","","","","呃啊……！周而复始……","","",""
"Integrated","Hades_","0564","Hades_0564","","","","你满意了？","","",""
"Integrated","Hades_","0565","Hades_0565","","","","哼，我何必多此一举。","","",""
"Integrated","Hades_","0566","Hades_0566","","","","我真不该来这。","","",""
"Integrated","Hades_","0567","Hades_0567","","","","停。","","",""
"Integrated","Hades_","0568","Hades_0568","","","","封锁房间。","","",""
"Integrated","Hades_","0569","Hades_0569","","","","你在这里啊。","","",""
"Integrated","Hades_","0570","Hades_0570","","","","他在那。逮住他。","","",""
"Integrated","Hades_","0571","Hades_0571","","","","你急什么，孩子？","","",""
"Integrated","Hades_","0572","Hades_0572","","","","我的部下想和你来场谈心。","","",""
"Integrated","Hades_","0573","Hades_0573","","","","不需要那么急，孩子。","","",""
"Integrated","Hades_","0574","Hades_0574","","","","我就知道在这里能找到你。","","",""
"Integrated","Hades_","0575","Hades_0575","","","","好，走吧。","","",""
"Integrated","Hades_","0576","Hades_0576","","","","你又一次戏弄了我。","","",""
"Integrated","Hades_","0577","Hades_0577","","","","现在没空管你。","","",""
"Integrated","Hades_","0578","Hades_0578","","","","出去，全出去！","","",""
"Integrated","Hades_","0579","Hades_0579","","","","完全不称职。","","",""
"Integrated","Hades_","0580","Hades_0580","","","","我真该把它们都关进厄瑞玻斯。","","",""
"Integrated","Hades_","0581","Hades_0581","","","","它们好歹让你费了点力。","","",""
"Integrated","Hades_","0582","Hades_0582","","","","我为什么在乎。","","",""
"Integrated","Hades_","0583","Hades_0583","","","","你这就回来了。","","",""
"Integrated","Hades_","0584","Hades_0584","","","","欢迎来到厄瑞玻斯。","","",""
"Integrated","Hades_","0585","Hades_0585","","","","什么蠢货直接走进厄瑞玻斯？","","",""
"Integrated","Hades_","0586","Hades_0586","","","","你回来了。","","",""
"Integrated","Hades_","0587","Hades_0587","","","","一道伤口就能让你的努力全部白费。","","",""
"Integrated","Hades_","0588","Hades_0588","","","","可别太紧张啊，小子。","","",""
"Integrated","Hades_","0589","Hades_0589","","","","你肯定压力很大吧。","","",""
"Integrated","Hades_","0590","Hades_0590","","","","我真该把你锁在塔耳塔罗斯。","","",""
"Integrated","Hades_","0591","Hades_0591","","","","多少次了……","","",""
"Integrated","Hades_","0592","Hades_0592","","","","好好享受水仙花平原的灼热吧。","","",""
"Integrated","Hades_","0593","Hades_0593","","","","祝你在水仙花平原航行愉快。","","",""
"Integrated","Hades_","0594","Hades_0594","","","","你可以在水仙花平原洗个岩浆澡。","","",""
"Integrated","Hades_","0595","Hades_0595","","","","又去玷污至福乐土啦？","","",""
"Integrated","Hades_","0596","Hades_0596","","","","忒修斯国王急切希望 能再见到你。","","",""
"Integrated","Hades_","0597","Hades_0597","","","","我们才把至福乐土清干净……","","",""
"Integrated","Hades_","0598","Hades_0598","","","","他们已经在至福乐土等着你了。","","",""
"Integrated","Hades_","0599","Hades_0599","","","","替我问候神庙里的鼠兽。","","",""
"Integrated","Hades_","0600","Hades_0600","","","","小子，最近和哪个萨提尔交上朋友了？","","",""
"Integrated","Hades_","0601","Hades_0601","","","","你让我不得不派出刻尔柏洛斯，又一次。","","",""
"Integrated","Hades_","0602","Hades_0602","","","","刻尔柏洛斯对待工作很有耐心，在底下可待不住。","","",""
"Integrated","Hades_","0603","Hades_0603","","","","我想我们不久之后就会见面。","","",""
"Integrated","Hades_","0604","Hades_0604","","","","加快速度，我在外面等着你。","","",""
"Integrated","Hades_","0605","Hades_0605","","","","怨你自己，别赖在刻尔柏洛斯头上。","","",""
"Integrated","Hades_","0607","Hades_0607","","","","滚去别的地方。","","",""
"Integrated","Hades_","0610","Hades_0610","","","","待着别动。","","",""
"Integrated","Hades_","0611","Hades_0611","","","","你妄想在我的领地里发号施令。","","",""
"Integrated","Hades_","0612","Hades_0612","","","","你没必要听他的，承包商。","","",""
"Integrated","Hades_","0613","Hades_0613","","","","你使我分心了！","","",""
"Integrated","Hades_","0614","Hades_0614","","","","小点声！","","",""
"Integrated","Hades_","0615","Hades_0615","","","","你能忙些什么？","","",""
"Integrated","Hades_","0616","Hades_0616","","","","在这里只有我才能发号施令。","","",""
"Integrated","Hades_","0617","Hades_0617","","","","你以为那承包商会帮你？","","",""
"Integrated","Hades_","0618","Hades_0618","","","","我敢肯定，那对你没有好处。","","",""
"Integrated","Hades_","0619","Hades_0619","","","","上别处去练习你那雄辩口才。","","",""
"Integrated","Hades_","0620","Hades_0620","","","","你以为那会带来什么？","","",""
"Integrated","Hades_","0621","Hades_0621","","","","这片领地需要的修缮远比那更多！","","",""
"Integrated","Hades_","0622","Hades_0622","","","","你在那晃的我无法集中精力！","","",""
"Integrated","Hades_","0623","Hades_0623","","","","你征用了那张没用的破羊皮纸？","","",""
"Integrated","Hades_","0624","Hades_0624","","","","反正那份契约已经过期很久了。","","",""
"Integrated","Hades_","0629","Hades_0629","","","","倪克斯是夜晚本身；她的孪生双子，是睡眠与死亡！但你呢？恐怕连我都想不出来。除非你是跟我顶嘴的神。","","",""
"Darren","Hades_","0637","Hades_0637","","","","我不记得我见过，更别提批准过，这些乱七八糟、稀奇古怪的装饰！","","",""
"Darren","Hades_","0638","Hades_0638","","","","那个蠢货波塞冬的手工玩意儿怎么会一路漂到这儿来？","","",""
"Integrated","Hades_","0639","Hades_0639","","","","要是有时间，我一定得重新看看这些东西！","","",""
"Integrated","Hades_","0640","Hades_0640","","","","你究竟在唠叨什么？","","",""
"Integrated","Hades_","0641","Hades_0641","","","","在一众事务之中，你觉得那是最重要的？","","",""
"Integrated","Hades_","0642","Hades_0642","","","","你这品味真是白养了。","","",""
"Integrated","Hades_","0643","Hades_0643","","","","你太浪费我领地里的种种资源了，崽子。","","",""
"Integrated","Hades_","0644","Hades_0644","","","","你在闲扯些什么？","","",""
"Integrated","Hades_","0645","Hades_0645","","","","你别想烧毁这座大殿，听见了没，小子？","","",""
"Darren","Hades_","0646","Hades_0646","","","","如果你的房间被火海吞没，别喊救命。","","",""
"Integrated","Hades_","0647","Hades_0647","","","","一根木棍附着波塞冬的廉价恩赐，不过如此。","","",""
"Integrated","Hades_","0648","Hades_0648","","","","你本可以更好地利用有限的时间。","","",""
"Integrated","Hades_","0649","Hades_0649","","","","你的品味绕不开这些毯子了。","","",""
"Integrated","Hades_","0650","Hades_0650","","","","诗人们无疑会歌颂你的毯子的。","","",""
"Integrated","Hades_","0651","Hades_0651","","","","你对我的地板做了什么？","","",""
"Integrated","Hades_","0652","Hades_0652","","","","你换完地毯没有？","","",""
"Integrated","Hades_","0653","Hades_0653","","","","又在弄地毯？","","",""
"Integrated","Hades_","0654","Hades_0654","","","","噢你放过这些该死的地毯吧。","","",""
"Integrated","Hades_","0655","Hades_0655","","","","反思一下你在那方面的诸多缺陷吧，孩子。","","",""
"Integrated","Hades_","0656","Hades_0656","","","","何人胆敢在我的大殿里坐着！","","",""
"Integrated","Hades_","0657","Hades_0657","","","","我该给你起名为那耳喀索斯。","","",""
"Integrated","Hades_","0658","Hades_0658","","","","你胆敢以这种方式嘲弄我，小子？","","",""
"Integrated","Hades_","0659","Hades_0659","","","","你这次又把谁的尊容挂在墙上了？","","",""
"Integrated","Hades_","0660","Hades_0660","","","","我喜欢墙上不挂东西。","","",""
"Integrated","Hades_","0661","Hades_0661","","","","你永远无法和这样一位最强战士相媲美。","","",""
"Integrated","Hades_","0662","Hades_0662","","","","你在那上面对我的大厅做些什么？","","",""
"Integrated","Hades_","0663","Hades_0663","","","","你为什么不直接去塔耳塔罗斯看看？","","",""
"Integrated","Hades_","0664","Hades_0664","","","","又是一件没品味的东西。","","",""
"Integrated","Hades_","0665","Hades_0665","","","","狄德勒斯应该去忙点室内装修。","","",""
"Darren","Hades_","0666","Hades_0666","","","","你会把建造工具摆在外面当装饰？","","",""
"Darren","Hades_","0667","Hades_0667","","","","我简直不敢相信我的耳朵。","","",""
"Darren","Hades_","0668","Hades_0668","","","","除了那些廉价饰品以外，你能不能盯着点别的，小子。","","",""
"Integrated","Hades_","0669","Hades_0669","","","","希望这些没用的幽灵能感到恐惧。","","",""
"Integrated","Hades_","0670","Hades_0670","","","","那个蠢得要命的设计是什么？","","",""
"Integrated","Hades_","0671","Hades_0671","","","","你是要把我的大殿和花朵联系起来吗，小子？","","",""
"Integrated","Hades_","0672","Hades_0672","","","","那不是摆花的地方，把它收拾掉！","","",""
"Integrated","Hades_","0673","Hades_0673","","","","这狗就它现在而言已经知足了。","","",""
"Integrated","Hades_","0674","Hades_0674","","","","你别去打扰那狗，听见了没，小子？","","",""
"Integrated","Hades_","0675","Hades_0675","","","","那究竟是谁的面容，不情不愿的？","","",""
"Integrated","Hades_","0676","Hades_0676","","","","那些圆柱原先挺好的。","","",""
"Integrated","Hades_","0677","Hades_0677","","","","那些圆柱不是用来展览的！","","",""
"Integrated","Hades_","0678","Hades_0678","","","","你觉得那条狗拿那个能做什么？","","",""
"Integrated","Hades_","0679","Hades_0679","","","","修普诺斯有很重要的工作要做！","","",""
"Integrated","Hades_","0680","Hades_0680","","","","你认为你真有那本事？","","",""
"Integrated","Hades_","0681","Hades_0681","","","","我得说是个不错的改动。","","",""
"Integrated","Hades_","0682","Hades_0682","","","","伊克西翁的光够亮了。","","",""
"Integrated","Hades_","0683","Hades_0683","","","","你在对我的中央大殿做什么？","","",""
"Integrated","Hades_","0684","Hades_0684","","","","那种东西并不是对所有人都有用。","","",""
"Integrated","Hades_","0685","Hades_0685","","","","亡灵们不应被纵容至此。","","",""
"Darren","Hades_","0686","Hades_0686","","","","在乱放东西之前先把你的房间收拾干净。","","",""
"Integrated","Hades_","0687","Hades_0687","","","","依我看你是在制造混乱。","","",""
"Integrated","Hades_","0688","Hades_0688","","","","继续自娱自乐吧，小子。","","",""
"Integrated","Hades_","0689","Hades_0689","","","","血与黑暗啊，你都做了些什么？","","",""
"Integrated","Hades_","0690","Hades_0690","","","","那个中间人本来已经够舒服的了！","","",""
"Integrated","Hades_","0691","Hades_0691","","","","它没起到任何作用。","","",""
"Integrated","Hades_","0693","Hades_0693","","","","好吧，我们刚才进行到哪儿了？","","",""
"Integrated","Hades_","0694","Hades_0694","","","","我们该做正经事了吧？","","",""
"Integrated","Hades_","0695","Hades_0695","","","","我们该回到工作了吧？","","",""
"Integrated","Hades_","0696","Hades_0696","","","","继续开庭审判。","","",""
"Integrated","Hades_","0697","Hades_0697","","","","继续开庭审判！","","",""
"Integrated","Hades_","0698","Hades_0698","","","","嗤。审判开庭！","","",""
"Integrated","Hades_","0699","Hades_0699","","","","现在开庭审判！","","",""
"Integrated","Hades_","0700","Hades_0700","","","","现在开庭审判！","","",""
"Integrated","Hades_","0701","Hades_0701","","","","站好，幽灵们！","","",""
"Integrated","Hades_","0702","Hades_0702","","","","站好！","","",""
"Integrated","Hades_","0703","Hades_0703","","","","幽灵们，站好！","","",""
"Integrated","Hades_","0704","Hades_0704","","","","幽灵们！往前走。","","",""
"Integrated","Hades_","0705","Hades_0705","","","","我正要听你们的案子！","","",""
"Integrated","Hades_","0706","Hades_0706","","","","报上你们的案子来，幽灵们！","","",""
"Integrated","Hades_","0707","Hades_0707","","","","我现在可以听取案子！","","",""
"Integrated","Hades_","0708","Hades_0708","","","","我必须继续工作了。","","",""
"Integrated","Hades_","0709","Hades_0709","","","","有申诉的幽灵们，列队！","","",""
"Integrated","Hades_","0710","Hades_0710","","","","幽灵们，站回队伍里去！","","",""
"Integrated","Hades_","0711","Hades_0711","","","","幽灵们，排好队！","","",""
"Integrated","Hades_","0712","Hades_0712","","","","幽灵们！请排好队。","","",""
"Integrated","Hades_","0713","Hades_0713","","","","开庭！","","",""
"Integrated","Hades_","0714","Hades_0714","","","","那么，开庭！","","",""
"Integrated","Hades_","0715","Hades_0715","","","","继续开庭！","","",""
"Integrated","Hades_","0716","Hades_0716","","","","现在开庭！","","",""
"Integrated","Hades_","0717","Hades_0717","","","","上庭的幽灵们！我现在可以听你们的申诉了。","","",""
"Integrated","Hades_","0718","Hades_0718","","","","幽灵们！你们已经等得够久了。","","",""
"Integrated","Hades_","0719","Hades_0719","","","","看起来就这么多人。幽灵们？","","",""
"Integrated","Hades_","0720","Hades_0720","","","","幽灵们，你们还在等些什么？！","","",""
"Integrated","Hades_","0721","Hades_0721","","","","上前来，幽灵们，我并非整日有空！","","",""
"Integrated","Hades_","0722","Hades_0722","","","","上前来，幽灵们，我并非整晚有空！","","",""
"Integrated","Hades_","0723","Hades_0723","","","","上前来，幽灵们，我并非整日有空！……或是整晚？","","",""
"Integrated","Hades_","0724","Hades_0724","","","","下一个。","","",""
"Integrated","Hades_","0725","Hades_0725","","","","下一个？","","",""
"Integrated","Hades_","0726","Hades_0726","","","","下一个！","","",""
"Integrated","Hades_","0727","Hades_0727","","","","下一个……","","",""
"Integrated","Hades_","0728","Hades_0728","","","","下一个，快点。","","",""
"Integrated","Hades_","0729","Hades_0729","","","","下一个，你。","","",""
"Integrated","Hades_","0730","Hades_0730","","","","下一个。你。","","",""
"Integrated","Hades_","0731","Hades_0731","","","","队列别停，下一个。","","",""
"Integrated","Hades_","0732","Hades_0732","","","","是吗？然后呢？","","",""
"Integrated","Hades_","0733","Hades_0733","","","","你的诉求？","","",""
"Integrated","Hades_","0734","Hades_0734","","","","陈述你的诉求。","","",""
"Integrated","Hades_","0735","Hades_0735","","","","你的诉求是什么？","","",""
"Integrated","Hades_","0736","Hades_0736","","","","快一点。","","",""
"Integrated","Hades_","0737","Hades_0737","","","","快一点！","","",""
"Integrated","Hades_","0738","Hades_0738","","","","大声点。","","",""
"Integrated","Hades_","0739","Hades_0739","","","","大声点！","","",""
"Integrated","Hades_","0740","Hades_0740","","","","我听着呢。","","",""
"Integrated","Hades_","0741","Hades_0741","","","","下一案。","","",""
"Integrated","Hades_","0742","Hades_0742","","","","下一单。","","",""
"Integrated","Hades_","0743","Hades_0743","","","","我等着呢。","","",""
"Integrated","Hades_","0744","Hades_0744","","","","干什么。","","",""
"Integrated","Hades_","0745","Hades_0745","","","","干什么来的。","","",""
"Integrated","Hades_","0746","Hades_0746","","","","解释。","","",""
"Integrated","Hades_","0747","Hades_0747","","","","往前走。","","",""
"Integrated","Hades_","0748","Hades_0748","","","","我在等着……！","","",""
"Integrated","Hades_","0749","Hades_0749","","","","继续。","","",""
"Integrated","Hades_","0750","Hades_0750","","","","带着这个出去吧。","","",""
"Integrated","Hades_","0751","Hades_0751","","","","唔。","","",""
"Integrated","Hades_","0752","Hades_0752","","","","哼。","","",""
"Integrated","Hades_","0753","Hades_0753","","","","嗯。","","",""
"Integrated","Hades_","0754","Hades_0754","","","","就这些了。","","",""
"Integrated","Hades_","0755","Hades_0755","","","","就这些了？","","",""
"Integrated","Hades_","0756","Hades_0756","","","","说到重点。","","",""
"Integrated","Hades_","0757","Hades_0757","","","","说到重点！","","",""
"Integrated","Hades_","0758","Hades_0758","","","","然后，所以……","","",""
"Integrated","Hades_","0759","Hades_0759","","","","所以?","","",""
"Integrated","Hades_","0760","Hades_0760","","","","那又怎样。","","",""
"Integrated","Hades_","0761","Hades_0761","","","","所以……？","","",""
"Integrated","Hades_","0762","Hades_0762","","","","真的。","","",""
"Integrated","Hades_","0763","Hades_0763","","","","真的？","","",""
"Integrated","Hades_","0764","Hades_0764","","","","真的……！","","",""
"Integrated","Hades_","0765","Hades_0765","","","","还有什么别的。","","",""
"Integrated","Hades_","0766","Hades_0766","","","","是么。","","",""
"Integrated","Hades_","0767","Hades_0767","","","","是么……！","","",""
"Integrated","Hades_","0768","Hades_0768","","","","有别的事吗？","","",""
"Integrated","Hades_","0769","Hades_0769","","","","继续。","","",""
"Integrated","Hades_","0770","Hades_0770","","","","说大声点。","","",""
"Integrated","Hades_","0771","Hades_0771","","","","说详细点。","","",""
"Integrated","Hades_","0772","Hades_0772","","","","然后发生了什么。","","",""
"Integrated","Hades_","0773","Hades_0773","","","","后来发生了什么。","","",""
"Integrated","Hades_","0774","Hades_0774","","","","然后你做了什么。","","",""
"Integrated","Hades_","0775","Hades_0775","","","","明白了。批准。","","",""
"Integrated","Hades_","0776","Hades_0776","","","","批准。走。","","",""
"Integrated","Hades_","0777","Hades_0777","","","","批准。快走。","","",""
"Integrated","Hades_","0778","Hades_0778","","","","那，批准。","","",""
"Integrated","Hades_","0779","Hades_0779","","","","要求……批准了。","","",""
"Integrated","Hades_","0780","Hades_0780","","","","我听够了，批准。","","",""
"Integrated","Hades_","0781","Hades_0781","","","","简单。批准。","","",""
"Integrated","Hades_","0782","Hades_0782","","","","<叹气> 批准……","","",""
"Integrated","Hades_","0783","Hades_0783","","","","我不那么认为。拒绝。","","",""
"Integrated","Hades_","0784","Hades_0784","","","","再一次，拒绝。","","",""
"Integrated","Hades_","0785","Hades_0785","","","","全部拒绝。","","",""
"Integrated","Hades_","0786","Hades_0786","","","","不行。拒绝。","","",""
"Integrated","Hades_","0787","Hades_0787","","","","要求……拒绝。","","",""
"Integrated","Hades_","0788","Hades_0788","","","","完全拒绝。","","",""
"Integrated","Hades_","0789","Hades_0789","","","","拒绝。出去。","","",""
"Integrated","Hades_","0790","Hades_0790","","","","我听够了。拒绝。","","",""
"Integrated","Hades_","0791","Hades_0791","","","","<叹气> 拒绝……","","",""
"Integrated","Hades_","0792","Hades_0792","","","","呸。拒绝。","","",""
"Integrated","Hades_","0793","Hades_0793","","","","我们休庭。","","",""
"Integrated","Hades_","0794","Hades_0794","","","","休庭。","","",""
"Integrated","Hades_","0795","Hades_0795","","","","休庭！","","",""
"Integrated","Hades_","0796","Hades_0796","","","","目前我不再处理。","","",""
"Integrated","Hades_","0797","Hades_0797","","","","到此为止。","","",""
"Integrated","Hades_","0798","Hades_0798","","","","到此为止。","","",""
"Integrated","Hades_","0799","Hades_0799","","","","够了，散开。","","",""
"Integrated","Hades_","0800","Hades_0800","","","","到此为止。","","",""
"Integrated","Hades_","0801","Hades_0801","","","","我们暂时休庭。","","",""
"Integrated","Hades_","0802","Hades_0802","","","","等等。","","",""
"Integrated","Hades_","0803","Hades_0803","","","","站住。","","",""
"Integrated","Hades_","0804","Hades_0804","","","","放松。","","",""
"Integrated","Hades_","0805","Hades_0805","","","","等一下。","","",""
"Integrated","Hades_","0806","Hades_0806","","","","你迟到了，小子！又一次。","","",""
"Integrated","Hades_","0807","Hades_0807","","","","去做你分内之事。","","",""
"Integrated","Hades_","0808","Hades_0808","","","","这不对。","","",""
"Integrated","Hades_","0809","Hades_0809","","","","不对。","","",""
"Integrated","Hades_","0810","Hades_0810","","","","这不对啊。","","",""
"Integrated","Hades_","0811","Hades_0811","","","","又错了。","","",""
"Integrated","Hades_","0812","Hades_0812","","","","你难道不记得我教你的任何东西？","","",""
"Integrated","Hades_","0813","Hades_0813","","","","不，不对。","","",""
"Integrated","Hades_","0814","Hades_0814","","","","完全错。","","",""
"Integrated","Hades_","0815","Hades_0815","","","","我相信你正从这些失误中吸取教训？","","",""
"Integrated","Hades_","0816","Hades_0816","","","","另一个办公桌。","","",""
"Integrated","Hades_","0817","Hades_0817","","","","另一个办公桌！","","",""
"Integrated","Hades_","0818","Hades_0818","","","","弄错办公桌了！","","",""
"Integrated","Hades_","0819","Hades_0819","","","","这个应该去第十八号办公桌。","","",""
"Integrated","Hades_","0820","Hades_0820","","","","你找的是第五号办公桌。","","",""
"Integrated","Hades_","0821","Hades_0821","","","","不是那个，是第一号办公桌。","","",""
"Integrated","Hades_","0822","Hades_0822","","","","不对，这份应该是第二十四号办公桌。","","",""
"Integrated","Hades_","0823","Hades_0823","","","","我已经看够了。","","",""
"Integrated","Hades_","0824","Hades_0824","","","","竟比上次错误还多，是吗？","","",""
"Integrated","Hades_","0830","Hades_0830","","","","啊，俄耳甫斯。","","",""
"Integrated","Hades_","0831","Hades_0831","","","","别再碰行政厅里的任何东西。","","",""
"Integrated","Hades_","0832","Hades_0832","","","","这些冥府兵器被封印是有理由的，小子！你所好奇之物已经超过了你的常识范围，留心我的话，离那些被诅咒的东西远一点！","","",""
"Integrated","Hades_","0833","Hades_0833","","","","英雄？他们只是凡人，跟其他人一样。总有一天你会在至福乐土遇到这些英雄们，然后你就会发现他们和歌谣里唱的完全不同。","","",""
"Integrated","Hades_","0834","Hades_0834","","","","你竟敢暗示波塞冬在这里，冥界，有他丝毫的管辖权！一旦地表水流到地下，它们便成为我的。那每一条河都是我的，不是他的！","","",""
"Integrated","Hades_","0835","Hades_0835","","","","比起摆渡人卡戎，你会和你卧室里的墙壁更聊得来，小子。冥界里并不是所有人都像你一样喜欢喋喋不休。","","",""
"Integrated","Hades_","0836","Hades_0836","","","","现在，再把这该死的东西扔出去，照我说的！而且这次把你的怒火倾泻其中，就像这样。如果你还没有愤怒到会这样做，你将来也会学会的，我保证。","","",""
"Integrated","Hades_","0837","Hades_0837","","","","永远不要再碰吉加罗斯，孩子。蕴含在那支矛中的力量会将你撕成碎片，下场只是比你那些同样被撕碎的祖先们略好一些。","","",""
"Integrated","Hades_","0838","Hades_0838","","","","整片领地都是从黑暗中诞生的，孩子。黑暗是构成你所见万物的一部分。地表上的那些凡人们虽然愚蠢但仍畏惧着它，他们甚至看不见它的力量。","","",""
"Integrated","Hades_","0839","Hades_0839","","","","小子，你嘲笑的这些宝石，可是这冥界领域力量的象征。 对你来说，它们只是小饰品，但对凡人而言，宝石比他们的生命更有价值。","","",""
"Integrated","Hades_","0840","Hades_0840","","","","又有一只鼠兽在地表附近闯入了。要是我能有什么可靠的人去处理这件事就好了。那些该死的萨提尔到底是从哪儿来的，又要到哪儿去？邪恶的东西。","","",""
"Integrated","Hades_","0841","Hades_0841","","","","你想去你那些伟大的亲戚们所在的山顶寻求像他们一般的名声？劝你寻求自身价值，别想着声名显赫。默默无闻并不会使你变弱。凡人的崇拜是一种损害，而不是恩典。","","",""
"Integrated","Hades_","0844","Hades_0844","","","","够了，小子！到此为止。","","",""
"Integrated","Hades_","0845","Hades_0845","","","","你做了什么？你所做的这一切，就只是为了那个可怜的幽灵。","","",""
"Integrated","Hades_","0846","Hades_0846","","","","什么，你是从哪里挖出来那张该死的契约的？","","",""
"To Be Integrated","Hades_","0851","Hades_0851","","","","哈，这么快？","","",""
"To Be Integrated","Hades_","0852","Hades_0852","","","","噗，哈哈。","","",""
"To Be Integrated","Hades_","0853","Hades_0853","","","","啊，真糟糕。","","",""
"To Be Integrated","Hades_","0854","Hades_0854","","","","你这就输了？","","",""
"To Be Integrated","Hades_","0855","Hades_0855","","","","哎，你回来得还真快。","","",""
"To Be Integrated","Hades_","0856","Hades_0856","","","","这就回来了？","","",""
"To Be Integrated","Hades_","0857","Hades_0857","","","","哈，哈哈。","","",""
"To Be Integrated","Hades_","0858","Hades_0858","","","","一下子就玩完了。","","",""
"Integrated","Hades_","0859","Hades_0859","","","","你是在浪费时间，远古印记永远不会为你效劳。","","",""
"Integrated","Hades_","0862","Hades_0862","","","","如果你继续这么随意毁约的话，我们良好的声誉就要受到影响了。","","",""
"Integrated","Hades_","0873","Hades_0873","","","","那些蝙蝠是用来侦查的，不是用来陪你闹着玩的！","","",""
"Integrated","Hades_","0874","Hades_0874","","","","你弄了个日晷？你是认真的吗？","","",""
"Integrated","Hades_","0875","Hades_0875","","","","要是你也是个五颜六色的骷髅就好了。","","",""
"Integrated","Hades_","0876","Hades_0876","","","","不如把你自己弄进去吧，你说呢，孩子？","","",""
"Integrated","Hades_","0877","Hades_0877","","","","就算是马赛克，也遮挡不了你的耻辱，孩子！","","",""
"Integrated","Hades_","0878","Hades_0878","","","","你要把辛苦赚来的钱这么挥霍掉吗？","","",""
"Integrated","Hades_","0879","Hades_0879","","","","只不过是一群鄙视堂堂正正获胜的人罢了。","","",""
"Integrated","Hades_","0881","Hades_0881","","","","呃啊……","","",""
"Integrated","Hades_","0886","Hades_0886","","","","你又打算重新装修一番了吗？","","",""
"Integrated","Hades_","0887","Hades_0887","","","","你一直都这么优柔寡断。","","",""
"Integrated","Hades_","0888","Hades_0888","","","","这么折腾真是一点必要都没有。","","",""
"Integrated","Hades_","0889","Hades_0889","","","","你刚刚干什么了……","","",""
"Integrated","Hades_","0890","Hades_0890","","","","你这是想干什么？","","",""
"Integrated","Hades_","0891","Hades_0891","","","","你这次干什么了……","","",""
"Integrated","Hades_","0892","Hades_0892","","","","我给了你权力，你就拿来干这个？","","",""
"Integrated","Hades_","0893","Hades_0893","","","","完全是为了折腾而折腾。","","",""
"Integrated","Hades_","0894","Hades_0894","","","","天啊，别乱折腾了！","","",""
"Integrated","Hades_","0895","Hades_0895","","","","你到底是想干什么啊？","","",""
"Integrated","Hades_","0896","Hades_0896","","","","你以为这里是谁的圣殿？","","",""
"Integrated","Hades_","0897","Hades_0897","","","","啊啊，你刚才干什么了？","","",""
"Integrated","Hades_","0898","Hades_0898","","","","你没必要听他的，承包商！","","",""
"Integrated","Hades_","0899","Hades_0899","","","","这真的有必要吗，孩子？","","",""
"Integrated","Hades_","0900","Hades_0900","","","","干嘛要在这种小事上大费周章？","","",""
"Integrated","Hades_","0901","Hades_0901","","","","真是毫无必要。","","",""
"Integrated","Hades_","0902","Hades_0902","","","","原来那样挺好的！","","",""
"Integrated","Hades_","0903","Hades_0903","","","","别再折磨那可怜的承包商了。","","",""
"Integrated","Hades_","0904","Hades_0904","","","","你敢信吗，刻耳柏洛斯？","","",""
"Integrated","Hades_","0905","Hades_0905","","","","你这是在浪费所有人的时间。","","",""
"Integrated","Hades_","0906","Hades_0906","","","","可别让我看到有人坐在那东西上。","","",""
"Integrated","Hades_","0907","Hades_0907","","","","这么折腾到底有什么好处？","","",""
"Integrated","Hades_","0908","Hades_0908","","","","塔纳托斯不需要这样的装饰！","","",""
"Integrated","Hades_","0909","Hades_0909","","","","大厅里已经够暖和了。","","",""
"Integrated","Hades_","0910","Hades_0910","","","","没人能坐在我和刻耳柏洛斯身边！","","",""
"Integrated","Hades_","0911","Hades_0911","","","","你要是想见复仇女神的话，去塔耳塔罗斯就行了。","","",""
"Integrated","Hades_","0912","Hades_0912","","","","倪克斯肯定不希望得到这样的关注。","","",""
"Integrated","Hades_","0926","Hades_0926","","","","我的弟弟，你从百忙之中抽出时间不远千里来到这里，着实令本舍蓬荜生辉，夫人和我对此感激不尽。","","",""
"Integrated","Hades_","0940","Hades_0940","","","","嗯，再见了，众神之王宙斯。","","",""
"Integrated","Hades_","0933","Hades_0933","","","","……这倒也是。","","",""
"Integrated","Hades_","0937","Hades_0937","","","","尽力而为……我保证。","","",""
"Integrated","Hades_","0940","Hades_0940","","","","嗯，再见了，众神之王宙斯。","","",""
"Integrated","Hades_","0942","Hades_0942","","","","确实如此，你的母亲冥后正在负责那件事情。","","",""
"Integrated","Hades_","0948","Hades_0948","","","","闭嘴！不许你再提什么希望！","","",""
"Integrated","Hades_","0950","Hades_0950","","","","看好了！要想用矛，先要学会握矛。一手握这，另一手握这。握稳了才能出击。不行，得给你找个老师专门教你才行。","","",""
"Integrated","Hades_","0951","Hades_0951","","","","你要接受这个事实，你自己与这里的人都不一样。你的不同之处并不意味着低人一等，相反，它可以让你变得更强。这都取决于你自己。","","",""
"Integrated","Hades_","0952","Hades_0952","","","","我现在没时间陪你闹，孩子！看到我桌子上这堆文件了没有？去和你的塔纳托斯，修普诺斯玩吧，逗逗狗也行。我还得把工作做完呢！","","",""
"Integrated","Hades_","0953","Hades_0953","","","","你的爷爷奶奶？他们叫做泰坦。那是很久以前的事情了，孩子。我向你保证，这世上有些东西，你最好一辈子都不要去见到。","","",""
"Integrated","Hades_","0954","Hades_0954","","","","那就有点分寸！我们的圣殿虽然地方不大，但是得有规矩。我不会擅自进入你的房间，你也不要随便就进我的房间。","","",""
"Integrated","Hades_","0955","Hades_0955","","","","就算你时间再多，也不要去浪费。花时间去做有用的事情。学习，学习如何学习，我不可能样样事都亲自教你。","","",""
"Integrated","Hades_","0956","Hades_0956","","","","远古印记对你没用的，孩子。只有极少数享有特权的人才可以自由穿梭这片领域，而恐怕你不在其中。","","",""
"Integrated","Hades_","0957","Hades_0957","","","","你管这叫吼？！这可不是在吼你，孩子，这是因为你没有达到期望。好了，再试一次吧。","","",""
"Integrated","Hades_","0958","Hades_0958","","","","给我听好了，孩子！不是说你像现在这样本分做事就可以了，你要设立更远大的目标，要超越我才行。","","",""
"Integrated","Hades_","0959","Hades_0959","","","","忘记地上世界吧，孩子！你什么都不缺。这里有温暖，有财富，有稳定！而上面呢？什么都没有。","","",""
"Integrated","Hades_","0960","Hades_0960","","","","不要跟我谈失败！失败是最好的老师。你的存在就是一连串的错误，同样的错误别再犯第二次了。","","",""
"Integrated","Hades_","0961","Hades_0961","","","","这种事情去问倪克斯，不要问我！她才是出生在冥界的人，而我只是个外来者。我是被调到这里来的，你敢信吗，孩子？","","",""
"Integrated","Hades_","0962","Hades_0962","","","","凡人们都相信没人能从这里出去，他们想得没错！而我们的工作就是让这一切继续保持下去。我们要维护自己的声誉。","","",""
"Integrated","Hades_","0963","Hades_0963","","","","为何我不曾以你为荣？可别往心里去，孩子。我不以任何人或事为荣，骄傲可能是我们家族最大的陋习。就因为这个，看看我们身边有多少凡人？","","",""
"Integrated","Hades_","0993","Hades_0993","","","","确实如此。","","",""
"Darren","Hades_","0994","Hades_0994","","","","你这次做得还不错。","","",""
"Darren","Hades_","0995","Hades_0995","","","","复仇三女神似乎挡不住你。","","",""
"Darren","Hades_","0996","Hades_0996","","","","我已经留意到你的进步了，孩子。","","",""
"Darren","Hades_","0997","Hades_0997","","","","你认为塔耳塔罗斯只是个笑话吗？","","",""
"Darren","Hades_","0998","Hades_0998","","","","塔耳塔罗斯的暗灵根本就靠不住。","","",""
"Darren","Hades_","0999","Hades_0999","","","","水仙花平原会有更多难关等着你。","","",""
"Darren","Hades_","1000","Hades_1000","","","","你暖好身了吗？准备好去水仙花平原了吗？","","",""
"Darren","Hades_","1001","Hades_1001","","","","看看你能不能适应更暖和的地方吧。","","",""
"Darren","Hades_","1002","Hades_1002","","","","阿勒克图最近的表现可不太出色。","","",""
"Darren","Hades_","1003","Hades_1003","","","","那个提西福涅也已经和你交过手了。","","",""
"Darren","Hades_","1004","Hades_1004","","","","墨纪拉最好没对你放水。","","",""
"Darren","Hades_","1005","Hades_1005","","","","嗯嗯，你已经走出塔耳塔罗斯了……","","",""
"Darren","Hades_","1006","Hades_1006","","","","我明白了，你几下就把九头蛇解决掉了。","","",""
"Darren","Hades_","1007","Hades_1007","","","","我猜你已经热得受不了了吧？","","",""
"Darren","Hades_","1008","Hades_1008","","","","那只该死的九头蛇总是不听我的劝告……","","",""
"Darren","Hades_","1009","Hades_1009","","","","看来，你是要去比较凉爽的地方了。","","",""
"Darren","Hades_","1010","Hades_1010","","","","无血僵尸又没能挡住你……","","",""
"Darren","Hades_","1011","Hades_1011","","","","你已经突破了水仙花平原的所有守卫……","","",""
"Darren","Hades_","1012","Hades_1012","","","","嗯，你很快就穿过了水仙花平原……","","",""
"Darren","Hades_","1013","Hades_1013","","","","你毫发无伤地走出了水仙花平原，是吗？","","",""
"Darren","Hades_","1014","Hades_1014","","","","也是时候去管管萨提尔的问题了。","","",""
"Darren","Hades_","1015","Hades_1015","","","","你几下就把忒修斯解决掉了，是吗，孩子？","","",""
"Darren","Hades_","1016","Hades_1016","","","","就连至福乐土最出色的战士也没挡住你，是吗？","","",""
"Darren","Hades_","1017","Hades_1017","","","","走到这一步了，看来我得准备好亲自出马了。","","",""
"Darren","Hades_","1018","Hades_1018","","","","我这关可没那么容易过。","","",""
"Darren","Hades_","1019","Hades_1019","","","","已经快到地面世界了啊……","","",""
"Darren","Hades_","1020","Hades_1020","","","","至福乐土应该没那么容易突破才对。","","",""
"Darren","Hades_","1021","Hades_1021","","","","你已经走了这么远了，是吗，孩子？","","",""
"Integrated","Hades_","1022","Hades_1022","","","","刻耳柏洛斯没时间玩玩具，它还有更重要的事情要做！","","",""
"Integrated","Hades_","1023","Hades_1023","","","","你就忙你自己的事情去吧，我没意见，孩子！","","",""
"Integrated","Hades_","1024","Hades_1024","","","","你愿意怎么折腾你的卧室，你就怎么折腾吧，这是你自己的事情。","","",""
"Integrated","Hades_","1025","Hades_1025","","","","如果那张乱七八糟的桌子能提高承包商的效率的话，那就这样吧。","","",""
"Integrated","Hades_","1026","Hades_1026","","","","这些刀钝得都砍不伤人，难怪你这么喜欢。","","",""
"Integrated","Hades_","1027","Hades_1027","","","","我一直想要个能让大家保持安静的东西！","","",""
"Integrated","Hades_","1028","Hades_1028","","","","等至福乐土的最强战士把你干掉的时候，记得替我向他问个好。","","",""
"Integrated","Hades_","1029","Hades_1029","","","","这座圣殿的温度早就恰到好处了！","","",""
"Integrated","Hades_","1030","Hades_1030","","","","什么，你对我的……啊，你又干这种蠢事了。","","",""
"Integrated","Hades_","1031","Hades_1031","","","","他是个幽灵啊，孩子！他哪里需要什么柔软的地毯？","","",""
"Integrated","Hades_","1032","Hades_1032","","","","嗯，我觉得那些黄金应该很适合……","","",""
"Integrated","Hades_","1033","Hades_1033","","","","塔纳托斯工作的时候才不会坐下来休息呢！","","",""
"Integrated","Hades_","1034","Hades_1034","","","","像塔纳托斯这么勤劳的人，根本不需要这种东西！","","",""
"Integrated","Hades_","1035","Hades_1035","","","","死亡的化身怎么会需要这种东西？","","",""
"Integrated","Hades_","1036","Hades_1036","","","","这座大厅以前是特意弄得这么暗的！","","",""
"Integrated","Hades_","1037","Hades_1037","","","","这可是我的大厅，不是你的！","","",""
"Integrated","Hades_","1038","Hades_1038","","","","你只要忙着害死自己就好了，还要什么画呢？","","",""
"Integrated","Hades_","1039","Hades_1039","","","","绿色大概是我最不会选的颜色！","","",""
"To Be Integrated","Hades_","1040","Hades_1040","","","","你最好别惹火他们，孩子，记住我的话。","","",""
"Integrated","Hades_","1041","Hades_1041","","","","之前的桌子可没收到过投诉！","","",""
"Integrated","Hades_","1042","Hades_1042","","","","上次我看的时候，这里还不是波塞冬的地盘呢！","","",""
"Integrated","Hades_","1043","Hades_1043","","","","你最好别瞎给我独出心裁。","","",""
"Integrated","Hades_","1044","Hades_1044","","","","有很多人喜欢我们休息室那种正式、低调的气氛，我真为他们感到遗憾。","","",""
"Integrated","Hades_","1045","Hades_1045","","","","哈哈哈，健康的生活方式？就他？","","",""
"Integrated","Hades_","1046","Hades_1046","","","","你不需要再弄一张破床了！","","",""
"Integrated","Hades_","1047","Hades_1047","","","","你这么恬不知耻地走进圣殿，还想要什么装饰吗！","","",""
"Integrated","Hades_","1049","Hades_1049","","","","哦，我肯定能发现什么端倪的。","","",""
"Integrated","Hades_","1058","Hades_1058","","","","打理这些东西简单的很！","","",""
"Integrated","Hades_","1065","Hades_1065","","","","你想在我的王国里到处开采宝石，那就随你的便吧。","","",""
"Integrated","Hades_","1071","Hades_1071","","","","呸。","","",""
"Integrated","Hades_","1073","Hades_1073","","","","……扎格列欧斯。","","",""
"Integrated","Hades_","1083","Hades_1083","","","","倪克斯！哈。","","",""
"Integrated","Hades_","1093","Hades_1093","","","","你赶紧走吧。","","",""
"Integrated","Hades_","1101","Hades_1101","","","","呵嗯。","","",""
"Integrated","Hades_","1102","Hades_1102","","","","扎格列欧斯。","","",""
"Integrated","Hades_","1103","Hades_1103","","","","我们的工作永无止境……","","",""
"Integrated","Hades_","1104","Hades_1104","","","","还有更多工作要做。","","",""
"Integrated","Hades_","1105","Hades_1105","","","","我还以为是我赢了呢。","","",""
"Integrated","Hades_","1106","Hades_1106","","","","孩子。","","",""
"Integrated","Hades_","1107","Hades_1107","","","","孩子，呃，扎格列欧斯。","","",""
"Integrated","Hades_","1108","Hades_1108","","","","你来了。","","",""
"Integrated","Hades_","1109","Hades_1109","","","","你回来了，是吗？","","",""
"Darren","Hades_","1110","Hades_1110","","","","好了，暗灵们，该干活了！","","",""
"Darren","Hades_","1111","Hades_1111","","","","阻止他，暗灵们！","","",""
"Darren","Hades_","1112","Hades_1112","","","","阻止他，暗灵们，别磨蹭！","","",""
"Darren","Hades_","1113","Hades_1113","","","","不准碰我的财宝！","","",""
"Darren","Hades_","1114","Hades_1114","","","","那些财宝不是给你的！","","",""
"Darren","Hades_","1115","Hades_1115","","","","别碰我的财宝！","","",""
"Darren","Hades_","1116","Hades_1116","","","","暗灵们，赶紧把他拿下！","","",""
"Darren","Hades_","1117","Hades_1117","","","","你给我站好了，不许动。","","",""
"Darren","Hades_","1118","Hades_1118","","","","我只给这些暗灵一分钟的时间。","","",""
"Darren","Hades_","1119","Hades_1119","","","","真是有勇无谋。","","",""
"Darren","Hades_","1120","Hades_1120","","","","每次都这样！","","",""
"Darren","Hades_","1121","Hades_1121","","","","没用的废物。","","",""
"Darren","Hades_","1122","Hades_1122","","","","算了，你走吧！","","",""
"Darren","Hades_","1123","Hades_1123","","","","行，你走吧！","","",""
"Darren","Hades_","1124","Hades_1124","","","","时间到了！","","",""
"Darren","Hades_","1125","Hades_1125","","","","好了，好了！","","",""
"Integrated","Hades_","1127","Hades_1127","","","","呃……","","",""
"Integrated","Hades_","1129","Hades_1129","","","","这是我的荣幸。","","",""
"Integrated","Hades_","1131","Hades_1131","","","","不。","","",""
"Integrated","Hades_","1134","Hades_1134","","","","你把画挂在我说的地方了？","","",""
"Darren","Hades_","1136","Hades_1136","","","","我这里有颗美味的洋葱给你，孩子。","","",""
"Darren","Hades_","1137","Hades_1137","","","","让我看看你有没有年轻人的机灵劲儿吧。","","",""
"Darren","Hades_","1138","Hades_1138","","","","我怀疑你能不能躲过这一切。","","",""
"Darren","Hades_","1139","Hades_1139","","","","你想尝一口又苦又辣的洋葱吗，孩子？","","",""
"Darren","Hades_","1140","Hades_1140","","","","只要走错一步，你就完蛋了，孩子。","","",""
"Darren","Hades_","1141","Hades_1141","","","","你还不够灵巧。","","",""
"Darren","Hades_","1142","Hades_1142","","","","我年轻的时候可比你现在敏捷多了。","","",""
"Darren","Hades_","1143","Hades_1143","","","","太慢了！","","",""
"Darren","Hades_","1144","Hades_1144","","","","那这颗洋葱就给你吧！","","",""
"Darren","Hades_","1145","Hades_1145","","","","真是不出所料。","","",""
"Darren","Hades_","1146","Hades_1146","","","","又失败了。","","",""
"Darren","Hades_","1147","Hades_1147","","","","你可以做得更好。","","",""
"Darren","Hades_","1148","Hades_1148","","","","你的速度很快，这一点我得承认。","","",""
"Darren","Hades_","1149","Hades_1149","","","","又一颗完美无瑕的洋葱被浪费掉了！","","",""
"Darren","Hades_","1150","Hades_1150","","","","没用的暗灵。","","",""
"Darren","Hades_","1151","Hades_1151","","","","好了，我已经看够了。","","",""
"Darren","Hades_","1152","Hades_1152","","","","和以前一样熟练嘛。","","",""
"Darren","Hades_","1153","Hades_1153","","","","都躲过去了啊……","","",""
"Integrated","Hades_","1154","Hades_1154","","","","和我一样隐去身形吧！","","",""
"Integrated","Hades_","1155","Hades_1155","","","","再次隐去身形吧！","","",""
"Integrated","Hades_","1156","Hades_1156","","","","你会变得目不可视！","","",""
"Integrated","Hades_","1157","Hades_1157","","","","潜伏到黑暗中去。","","",""
"Integrated","Hades_","1158","Hades_1158","","","","你的敌人们得当心身后了。","","",""
"Integrated","Hades_","1159","Hades_1159","","","","与黑暗融为一体吧。","","",""
"Integrated","Hades_","1160","Hades_1160","","","","消失吧，让你的敌人们吓破胆。","","",""
"Integrated","Hades_","1161","Hades_1161","","","","好了，我听到你的声音了，孩子！","","",""
"Integrated","Hades_","1162","Hades_1162","","","","哦，你这可是在自找麻烦，孩子……","","",""
"Integrated","Hades_","1163","Hades_1163","","","","你是不会好起来的，随便你信不信。","","",""
"Integrated","Hades_","1164","Hades_1164","","","","你是不是在装饰上浪费了太多资源？","","",""
"Integrated","Hades_","1165","Hades_1165","","","","你到底是怎么回事，非要弄这种东西？","","",""
"Integrated","Hades_","1166","Hades_1166","","","","在这种时候，你居然忙那种琐碎的破事！","","",""
"Integrated","Hades_","1167","Hades_1167","","","","如果你打算把赚来的宝石挥霍掉，我是不会反对的。","","",""
"Integrated","Hades_","1168","Hades_1168","","","","我可不会为这些东西付钱。","","",""
"Integrated","Hades_","1169","Hades_1169","","","","你想怎么浪费你的东西就怎么浪费吧。","","",""
"Integrated","Hades_","1171","Hades_1171","","","","你打算寅吃卯粮吗？","","",""
"Integrated","Hades_","1174","Hades_1174","","","","没错。","","",""
"Integrated","Hades_","1178","Hades_1178","","","","活还是要有人干的！","","",""
"Integrated","Hades_","1189","Hades_1189","","","","……做得好， 扎格列欧斯。","","",""
"Integrated","Hades_","1190","Hades_1190","","","","你最近的表现还可以……","","",""
"Integrated","Hades_","1191","Hades_1191","","","","你工作……很努力。","","",""
"Integrated","Hades_","1192","Hades_1192","","","","如你所见，你母亲为你感到骄傲。","","",""
"Integrated","Hades_","1193","Hades_1193","","","","你没有继承我的陋习。","","",""
"Integrated","Hades_","1194","Hades_1194","","","","你对冥界的贡献，大家都是有目共睹的。","","",""
"Integrated","Hades_","1196","Hades_1196","","","","继续努力。嗯……你做得不错。","","",""
"Integrated","Hades_","1204","Hades_1204","","","","我倒是想知道，这些自诩为评委的家伙都是些什么人！","","",""
"Integrated","Hades_","1205","Hades_1205","","","","你的装修工作结束了吗？","","",""
"Integrated","Hades_","1206","Hades_1206","","","","如果你能不打扰我工作的话，那可真是太好了！","","",""
"Integrated","Hades_","1207","Hades_1207","","","","想必我这圣殿与奥林匹斯山相比，确实寒酸了点。不过……相信这番招待应该没有让你感到失望吧。","","",""
