"MegaeraField","ID","ID","ID","","","","Line"
"Integrated","MegaeraField_","0064","MegaeraField_0064","","","","吃我一招！"
"Integrated","MegaeraField_","0065","MegaeraField_0065","","","","接招！"
"Integrated","MegaeraField_","0066","MegaeraField_0066","","","","尝尝这个！"
"Integrated","MegaeraField_","0067","MegaeraField_0067","","","","躲这个啊！"
"Integrated","MegaeraField_","0068","MegaeraField_0068","","","","吃我一招！"
"Integrated","MegaeraField_","0069","MegaeraField_0069","","","","接着！"
"Integrated","MegaeraField_","0070","MegaeraField_0070","","","","死吧！"
"Integrated","MegaeraField_","0071","MegaeraField_0071","","","","杀死你！"
"Integrated","MegaeraField_","0072","MegaeraField_0072","","","","受苦！"
"Integrated","MegaeraField_","0073","MegaeraField_0073","","","","接着！"
"Integrated","MegaeraField_","0074","MegaeraField_0074","","","","血与黑暗啊！"
"Integrated","MegaeraField_","0075","MegaeraField_0075","","","","是你自找的！"
"Integrated","MegaeraField_","0076","MegaeraField_0076","","","","跑啊，笨蛋！"
"Integrated","MegaeraField_","0077","MegaeraField_0077","","","","我要在你站着的地方杀死你！"
"Integrated","MegaeraField_","0078","MegaeraField_0078","","","","够了！"
"Integrated","MegaeraField_","0079","MegaeraField_0079","","","","跑吧，小家伙！"
"Integrated","MegaeraField_","0080","MegaeraField_0080","","","","你逃不出我的手心。"
"Integrated","MegaeraField_","0081","MegaeraField_0081","","","","试试这个…！"
"Integrated","MegaeraField_","0082","MegaeraField_0082","","","","我要让你付出代价…！"
"Integrated","MegaeraField_","0083","MegaeraField_0083","","","","你真是浪费我的时间。"
"Integrated","MegaeraField_","0084","MegaeraField_0084","","","","站住别动。"
"Integrated","MegaeraField_","0085","MegaeraField_0085","","","","我马上就可以解决。"
"Integrated","MegaeraField_","0086","MegaeraField_0086","","","","求我饶你啊，笨蛋。"
"Integrated","MegaeraField_","0087","MegaeraField_0087","","","","你想来一下？"
"Integrated","MegaeraField_","0088","MegaeraField_0088","","","","再靠近点，扎格列欧斯。"
"Integrated","MegaeraField_","0089","MegaeraField_0089","","","","你站住别动。"
"Integrated","MegaeraField_","0090","MegaeraField_0090","","","","崽种！"
"Integrated","MegaeraField_","0091","MegaeraField_0091","","","","你这崽种！"
"Integrated","MegaeraField_","0092","MegaeraField_0092","","","","混蛋！"
"Integrated","MegaeraField_","0093","MegaeraField_0093","","","","你这混蛋！"
"Integrated","MegaeraField_","0094","MegaeraField_0094","","","","你竟敢！"
"Integrated","MegaeraField_","0095","MegaeraField_0095","","","","你敢？"
"Integrated","MegaeraField_","0096","MegaeraField_0096","","","","为什么你！"
"Integrated","MegaeraField_","0097","MegaeraField_0097","","","","好疼。"
"Integrated","MegaeraField_","0098","MegaeraField_0098","","","","该死！"
"Integrated","MegaeraField_","0099","MegaeraField_0099","","","","你去死！"
"Integrated","MegaeraField_","0100","MegaeraField_0100","","","","我诅咒你！"
"Integrated","MegaeraField_","0101","MegaeraField_0101","","","","血与黑暗啊！"
"Integrated","MegaeraField_","0102","MegaeraField_0102","","","","又来吗！"
"Integrated","MegaeraField_","0103","MegaeraField_0103","","","","够了！"
"Integrated","MegaeraField_","0104","MegaeraField_0104","","","","真是够了！"
"Integrated","MegaeraField_","0105","MegaeraField_0105","","","","够了！"
"Integrated","MegaeraField_","0106","MegaeraField_0106","","","","塔耳塔罗斯的卑劣暗灵啊，随我来！"
"Integrated","MegaeraField_","0107","MegaeraField_0107","","","","冥界的暗灵啊，随我来！"
"Integrated","MegaeraField_","0108","MegaeraField_0108","","","","听命于我！"
"Integrated","MegaeraField_","0109","MegaeraField_0109","","","","以哈迪斯之名！"
"Integrated","MegaeraField_","0110","MegaeraField_0110","","","","卑劣暗灵们，听令！"
"Integrated","MegaeraField_","0111","MegaeraField_0111","","","","我需要支援！"
"Integrated","MegaeraField_","0112","MegaeraField_0112","","","","看看你怎么对付这个！"
"Integrated","MegaeraField_","0113","MegaeraField_0113","","","","还没完呢！"
"Integrated","MegaeraField_","0114","MegaeraField_0114","","","","我们才刚刚开始呢。"
"Integrated","MegaeraField_","0115","MegaeraField_0115","","","","你要为此付出代价。"
"Integrated","MegaeraField_","0116","MegaeraField_0116","","","","我会让你受苦的。"
"Integrated","MegaeraField_","0117","MegaeraField_0117","","","","我还没结束呢。"
"Integrated","MegaeraField_","0118","MegaeraField_0118","","","","你可别自信过头。"
"Integrated","MegaeraField_","0119","MegaeraField_0119","","","","这还没有结束。"
"Integrated","MegaeraField_","0120","MegaeraField_0120","","","","我不会让你赢的。"
"Integrated","MegaeraField_","0121","MegaeraField_0121","","","","你还没打败我呢。"
"Integrated","MegaeraField_","0122","MegaeraField_0122","","","","你真是勇气可嘉。"
"Integrated","MegaeraField_","0123","MegaeraField_0123","","","","回家去吧，扎格列欧斯。"
"Integrated","MegaeraField_","0124","MegaeraField_0124","","","","这是你应得的。"
"Integrated","MegaeraField_","0125","MegaeraField_0125","","","","哈！蠢蛋。"
"Integrated","MegaeraField_","0126","MegaeraField_0126","","","","好了！现在滚出我的地盘。"
"Integrated","MegaeraField_","0127","MegaeraField_0127","","","","你现在对我毫无威胁。"
"Integrated","MegaeraField_","0128","MegaeraField_0128","","","","替我向哈迪斯问个好。"
"Integrated","MegaeraField_","0129","MegaeraField_0129","","","","你竟如此无知。"
"Integrated","MegaeraField_","0130","MegaeraField_0130","","","","你去死吧。"
"Integrated","MegaeraField_","0131","MegaeraField_0131","","","","滚出这里。"
"Integrated","MegaeraField_","0132","MegaeraField_0132","","","","你这白痴蠢蛋。"
"Integrated","MegaeraField_","0133","MegaeraField_0133","","","","我想应该是时候结束了。"
"Integrated","MegaeraField_","0134","MegaeraField_0134","","","","<笑声>"
"Integrated","MegaeraField_","0135","MegaeraField_0135","","","","<笑声>"
"Integrated","MegaeraField_","0136","MegaeraField_0136","","","","<笑声>"
"Integrated","MegaeraField_","0137","MegaeraField_0137","","","","你永远没法打败我，扎格。"
"Integrated","MegaeraField_","0138","MegaeraField_0138","","","","你就是不知道什么时候该收手。"
"Integrated","MegaeraField_","0139","MegaeraField_0139","","","","快点放弃吧，混蛋。"
"Integrated","MegaeraField_","0140","MegaeraField_0140","","","","我下次也会杀死你。"
"Integrated","MegaeraField_","0141","MegaeraField_0141","","","","要我一直这样做吗？"
"Integrated","MegaeraField_","0142","MegaeraField_0142","","","","你就是不长记性啊。"
"Integrated","MegaeraField_","0143","MegaeraField_0143","","","","终于抓到你了，扎格。"
"Integrated","MegaeraField_","0144","MegaeraField_0144","","","","真是有够花时间的。"
"Integrated","MegaeraField_","0145","MegaeraField_0145","","","","复仇的味道就是如此甜美。"
"Integrated","MegaeraField_","0146","MegaeraField_0146","","","","终于抓到你了，扎格列欧斯。"
"Integrated","MegaeraField_","0147","MegaeraField_0147","","","","你放水了吗，扎格列欧斯？"
"Integrated","MegaeraField_","0148","MegaeraField_0148","","","","你刚刚让我了…？"
"Integrated","MegaeraField_","0149","MegaeraField_0149","","","","不…！"
"Integrated","MegaeraField_","0150","MegaeraField_0150","","","","不！"
"Integrated","MegaeraField_","0151","MegaeraField_0151","","","","怎么…！"
"Integrated","MegaeraField_","0152","MegaeraField_0152","","","","怎么…？！"
"Integrated","MegaeraField_","0153","MegaeraField_0153","","","","什么…？！"
"Integrated","MegaeraField_","0154","MegaeraField_0154","","","","不可能！"
"Integrated","MegaeraField_","0155","MegaeraField_0155","","","","我不能——！"
"Integrated","MegaeraField_","0156","MegaeraField_0156","","","","又来？！"
"Integrated","MegaeraField_","0157","MegaeraField_0157","","","","还来？！"
"Unused","MegaeraField_","0158","MegaeraField_0158","","","","看到我惊喜不，扎格列欧斯？"
"Unused","MegaeraField_","0159","MegaeraField_0159","","","","我们又见面了，扎格列欧斯。"
"Unused","MegaeraField_","0160","MegaeraField_0160","","","","我就知道在这里能找到你。"
"Unused","MegaeraField_","0161","MegaeraField_0161","","","","你真是很容易找啊，扎格。"
"Unused","MegaeraField_","0162","MegaeraField_0162","","","","噢你来了。"
"Unused","MegaeraField_","0163","MegaeraField_0163","","","","我找到你了，扎格列欧斯。"
"Darren","MegaeraField_","0188","MegaeraField_0188","","","","出去，扎格列欧斯。我是说……我不会阻止你的。走吧。"
"Darren","MegaeraField_","0189","MegaeraField_0189","","","","只是改变了主意，并非改变心意。一直以来我们在这里的战斗……它不再奏效了。你现在走吧，不然会有麻烦。"
"Darren","MegaeraField_","0210","MegaeraField_0210","","","","我不跟你打。走。"
"Darren","MegaeraField_","0211","MegaeraField_0211","","","","就算是我们打过了。走。"
"Darren","MegaeraField_","0212","MegaeraField_0212","","","","继续前进吧，扎格列欧斯。别对任何人谈起这事。"
"Darren","MegaeraField_","0213","MegaeraField_0213","","","","命运偏爱你前往水仙花平原。走吧。"
"Darren","MegaeraField_","0214","MegaeraField_0214","","","","我跟你打完了，扎格。去吧。"
"Darren","MegaeraField_","0215","MegaeraField_0215","","","","出口就在我后面。快走。"
"Darren","MegaeraField_","0216","MegaeraField_0216","","","","你需要为你的前路保存实力。走吧。"
"Darren","MegaeraField_","0217","MegaeraField_0217","","","","接着走吧，扎格列欧斯。假装我从未在这儿见过你。"
"Integrated","MegaeraField_","0218","MegaeraField_0218","","","","我会抓到你的。"
"Integrated","MegaeraField_","0219","MegaeraField_0219","","","","去死吧。"
"Integrated","MegaeraField_","0220","MegaeraField_0220","","","","你活下来了？"
"Integrated","MegaeraField_","0221","MegaeraField_0221","","","","死吧！"
"Integrated","MegaeraField_","0222","MegaeraField_0222","","","","去死吧你。"
"Integrated","MegaeraField_","0223","MegaeraField_0223","","","","好甜噢。"
"Integrated","MegaeraField_","0224","MegaeraField_0224","","","","你流血了，扎格列欧斯。"
"Integrated","MegaeraField_","0225","MegaeraField_0225","","","","你撑不了多久的。"
"Integrated","MegaeraField_","0226","MegaeraField_0226","","","","你要回家了。"
"Integrated","MegaeraField_","0227","MegaeraField_0227","","","","放弃吧。"
"Integrated","MegaeraField_","0228","MegaeraField_0228","","","","快点放弃吧。"
"Integrated","MegaeraField_","0229","MegaeraField_0229","","","","你死了。"
"Integrated","MegaeraField_","0230","MegaeraField_0230","","","","你是我的。"
"Integrated","MegaeraField_","0231","MegaeraField_0231","","","","我知道倪克斯在帮助你。"
"Integrated","MegaeraField_","0232","MegaeraField_0232","","","","你这作弊的…"
"Integrated","MegaeraField_","0233","MegaeraField_0233","","","","你没有胜算了，扎格列欧斯。"
"Integrated","MegaeraField_","0234","MegaeraField_0234","","","","马上就有你好看的了。"
"Integrated","MegaeraField_","0235","MegaeraField_0235","","","","抓到你了。"
"Integrated","MegaeraField_","0236","MegaeraField_0236","","","","一定很疼吧。"
"Integrated","MegaeraField_","0237","MegaeraField_0237","","","","你和你的这些小伎俩。"
"Integrated","MegaeraField_","0238","MegaeraField_0238","","","","哈！"
"Integrated","MegaeraField_","0239","MegaeraField_0239","","","","我能打败你。"
"Integrated","MegaeraField_","0240","MegaeraField_0240","","","","你慢下来了。"
"Integrated","MegaeraField_","0241","MegaeraField_0241","","","","接招！"
"Integrated","MegaeraField_","0242","MegaeraField_0242","","","","我说了快死！"
"Integrated","MegaeraField_","0243","MegaeraField_0243","","","","接着，扎格列欧斯！"
"Integrated","MegaeraField_","0244","MegaeraField_0244","","","","这样如何！"
"Integrated","MegaeraField_","0245","MegaeraField_0245","","","","你最好快跑。"
"Integrated","MegaeraField_","0246","MegaeraField_0246","","","","跑吧。"
"Integrated","MegaeraField_","0247","MegaeraField_0247","","","","跑吧！"
"Integrated","MegaeraField_","0248","MegaeraField_0248","","","","站住别动。"
"Integrated","MegaeraField_","0249","MegaeraField_0249","","","","站住别动！"
"Integrated","MegaeraField_","0250","MegaeraField_0250","","","","在黑暗中受苦吧！"
"Integrated","MegaeraField_","0251","MegaeraField_0251","","","","注意脚下。"
"Integrated","MegaeraField_","0252","MegaeraField_0252","","","","你为什么就是不放弃呢？"
"Integrated","MegaeraField_","0253","MegaeraField_0253","","","","给我站好！"
"Integrated","MegaeraField_","0254","MegaeraField_0254","","","","站好了！"
"Integrated","MegaeraField_","0255","MegaeraField_0255","","","","我要打败你。"
"Integrated","MegaeraField_","0256","MegaeraField_0256","","","","再靠近点。"
"Integrated","MegaeraField_","0257","MegaeraField_0257","","","","哪儿也别想去。"
"Integrated","MegaeraField_","0258","MegaeraField_0258","","","","一鞭子肯定是不够。"
"Integrated","MegaeraField_","0259","MegaeraField_0259","","","","喜欢我的鞭子吗？"
"Integrated","MegaeraField_","0260","MegaeraField_0260","","","","鞭子来了！"
"Integrated","MegaeraField_","0261","MegaeraField_0261","","","","我会让你喊疼的。"
"Integrated","MegaeraField_","0262","MegaeraField_0262","","","","呃不。"
"Integrated","MegaeraField_","0263","MegaeraField_0263","","","","啊，该死！"
"Integrated","MegaeraField_","0264","MegaeraField_0264","","","","呃啊，你！"
"Integrated","MegaeraField_","0265","MegaeraField_0265","","","","呕！"
"Integrated","MegaeraField_","0266","MegaeraField_0266","","","","嘎啊啊！"
"Integrated","MegaeraField_","0267","MegaeraField_0267","","","","哧，呵呵。"
"Integrated","MegaeraField_","0268","MegaeraField_0268","","","","我会让你痛苦。"
"Integrated","MegaeraField_","0269","MegaeraField_0269","","","","感觉如何？"
"Integrated","MegaeraField_","0270","MegaeraField_0270","","","","好了。"
"Integrated","MegaeraField_","0271","MegaeraField_0271","","","","这没什么。"
"Integrated","MegaeraField_","0272","MegaeraField_0272","","","","最后一次了。"
"Integrated","MegaeraField_","0273","MegaeraField_0273","","","","我会让你叫出来。"
"Integrated","MegaeraField_","0274","MegaeraField_0274","","","","我会比之前更狠。"
"Integrated","MegaeraField_","0275","MegaeraField_0275","","","","我感受到你的痛苦了。"
"Integrated","MegaeraField_","0276","MegaeraField_0276","","","","我不这么认为。"
"Integrated","MegaeraField_","0277","MegaeraField_0277","","","","你太弱了，扎格。"
"Integrated","MegaeraField_","0278","MegaeraField_0278","","","","弱者。"
"Integrated","MegaeraField_","0279","MegaeraField_0279","","","","不行。"
"Integrated","MegaeraField_","0280","MegaeraField_0280","","","","我觉得不行。"
"Integrated","MegaeraField_","0281","MegaeraField_0281","","","","笨蛋。"
"Integrated","MegaeraField_","0282","MegaeraField_0282","","","","噗。"
"Integrated","MegaeraField_","0283","MegaeraField_0283","","","","你伤不到我的。"
"Integrated","MegaeraField_","0284","MegaeraField_0284","","","","我需要支援！"
"Integrated","MegaeraField_","0285","MegaeraField_0285","","","","来吧，暗灵们！"
"Integrated","MegaeraField_","0286","MegaeraField_0286","","","","需要支援，该死！"
"Integrated","MegaeraField_","0287","MegaeraField_0287","","","","给我杀了他，暗灵们！"
"Integrated","MegaeraField_","0288","MegaeraField_0288","","","","暗灵们，给我拿下他！"
"Integrated","MegaeraField_","0289","MegaeraField_0289","","","","给你介绍下我的朋友们。"
"Integrated","MegaeraField_","0290","MegaeraField_0290","","","","就是这样。"
"Integrated","MegaeraField_","0291","MegaeraField_0291","","","","好的。"
"Integrated","MegaeraField_","0292","MegaeraField_0292","","","","该了结了。"
"Integrated","MegaeraField_","0293","MegaeraField_0293","","","","现在就结束吧。"
"Integrated","MegaeraField_","0294","MegaeraField_0294","","","","我跟你还没完。"
"Integrated","MegaeraField_","0295","MegaeraField_0295","","","","够了吧。"
"Integrated","MegaeraField_","0296","MegaeraField_0296","","","","终于。"
"Integrated","MegaeraField_","0297","MegaeraField_0297","","","","终于逮到你了。"
"Integrated","MegaeraField_","0298","MegaeraField_0298","","","","逮到你了。"
"Integrated","MegaeraField_","0299","MegaeraField_0299","","","","别再回来了。"
"Integrated","MegaeraField_","0300","MegaeraField_0300","","","","白痴。"
"Integrated","MegaeraField_","0301","MegaeraField_0301","","","","你这笨蛋。"
"Integrated","MegaeraField_","0302","MegaeraField_0302","","","","一定替我向倪克斯问好噢。"
"Integrated","MegaeraField_","0303","MegaeraField_0303","","","","在冥河里淹死吧。"
"Integrated","MegaeraField_","0304","MegaeraField_0304","","","","结束了。"
"Integrated","MegaeraField_","0305","MegaeraField_0305","","","","没什么可说的了。"
"Integrated","MegaeraField_","0306","MegaeraField_0306","","","","我会一次又一次地杀死你。"
"Integrated","MegaeraField_","0307","MegaeraField_0307","","","","你闪闪发光的亲戚在这里可帮不了你。"
"Integrated","MegaeraField_","0308","MegaeraField_0308","","","","下一次也会是这样的结果。"
"Integrated","MegaeraField_","0309","MegaeraField_0309","","","","不管几次我都会把你送回去。"
"Integrated","MegaeraField_","0310","MegaeraField_0310","","","","我必须得赢。"
"Integrated","MegaeraField_","0311","MegaeraField_0311","","","","为何心不在焉…？"
"Integrated","MegaeraField_","0312","MegaeraField_0312","","","","我会尽全力去复仇。"
"Integrated","MegaeraField_","0313","MegaeraField_0313","","","","命运之神这次站在了我这边。"
"Integrated","MegaeraField_","0314","MegaeraField_0314","","","","你手生了，扎格。"
"Integrated","MegaeraField_","0315","MegaeraField_0315","","","","滚吧。"
"Integrated","MegaeraField_","0316","MegaeraField_0316","","","","呃嗯，该死…"
"Integrated","MegaeraField_","0317","MegaeraField_0317","","","","你该死…"
"Integrated","MegaeraField_","0318","MegaeraField_0318","","","","啊，血与——"
"Integrated","MegaeraField_","0319","MegaeraField_0319","","","","冥王哈迪斯，我…"
"Integrated","MegaeraField_","0320","MegaeraField_0320","","","","妹妹们…"
"Integrated","MegaeraField_","0321","MegaeraField_0321","","","","为什么你…"
"Integrated","MegaeraField_","0322","MegaeraField_0322","","","","这难道…"
"Integrated","MegaeraField_","0323","MegaeraField_0323","","","","我怎么会——！"
"Integrated","MegaeraField_","0324","MegaeraField_0324","","","","太可笑了…"
"Integrated","MegaeraField_","0325","MegaeraField_0325","","","","为什么…"
"Integrated","MegaeraField_","0326","MegaeraField_0326","","","","阿莱克托!"
"Integrated","MegaeraField_","0327","MegaeraField_0327","","","","阿勒克图……！"
"Integrated","MegaeraField_","0328","MegaeraField_0328","","","","阿莱克托, 这边！"
"Integrated","MegaeraField_","0329","MegaeraField_0329","","","","阿莱克托, 这边……！"
"Integrated","MegaeraField_","0330","MegaeraField_0330","","","","阿莱克托，现在！"
"Integrated","MegaeraField_","0331","MegaeraField_0331","","","","阿莱克托，快！！"
"Integrated","MegaeraField_","0332","MegaeraField_0332","","","","现在，阿莱克托！"
"Integrated","MegaeraField_","0333","MegaeraField_0333","","","","快，阿莱克托！！"
"Integrated","MegaeraField_","0334","MegaeraField_0334","","","","阿勒克图，逮住他！"
"Integrated","MegaeraField_","0335","MegaeraField_0335","","","","阿勒克图，让他流血！"
"Integrated","MegaeraField_","0336","MegaeraField_0336","","","","阿勒克图！！"
"Darren","MegaeraField_","0337","MegaeraField_0337","","","","妈的，阿勒克图。"
"Darren","MegaeraField_","0338","MegaeraField_0338","","","","阿勒克图……"
"Integrated","MegaeraField_","0339","MegaeraField_0339","","","","准备好，阿勒克图。"
"Integrated","MegaeraField_","0340","MegaeraField_0340","","","","做好准备，姐妹们！"
"Integrated","MegaeraField_","0341","MegaeraField_0341","","","","提西福涅！"
"Integrated","MegaeraField_","0342","MegaeraField_0342","","","","提西福涅……！"
"Integrated","MegaeraField_","0343","MegaeraField_0343","","","","这边，提西！"
"Integrated","MegaeraField_","0344","MegaeraField_0344","","","","这边，提西……！"
"Integrated","MegaeraField_","0345","MegaeraField_0345","","","","提西，现在！"
"Integrated","MegaeraField_","0346","MegaeraField_0346","","","","提西福涅，现在，快！！"
"Integrated","MegaeraField_","0347","MegaeraField_0347","","","","现在，提西！"
"Integrated","MegaeraField_","0348","MegaeraField_0348","","","","现在，提西！！"
"Integrated","MegaeraField_","0349","MegaeraField_0349","","","","提西福涅，杀了他！"
"Integrated","MegaeraField_","0350","MegaeraField_0350","","","","提西福涅，杀！"
"Darren","MegaeraField_","0351","MegaeraField_0351","","","","提西福涅！！"
"Darren","MegaeraField_","0352","MegaeraField_0352","","","","提西，不要……"
"Darren","MegaeraField_","0353","MegaeraField_0353","","","","提西福涅……"
"Integrated","MegaeraField_","0354","MegaeraField_0354","","","","准备好，提西。"
"Darren","MegaeraField_","0355","MegaeraField_0355","","","","我准备好了，姐妹们。"
"Integrated","MegaeraField_","0356","MegaeraField_0356","","","","来啊，妹妹们！"
"Integrated","MegaeraField_","0357","MegaeraField_0357","","","","现在，妹妹们！"
"Integrated","MegaeraField_","0358","MegaeraField_0358","","","","准备，妹妹们！"
"Integrated","MegaeraField_","0359","MegaeraField_0359","","","","准备好，妹妹们。"
"Integrated","MegaeraField_","0360","MegaeraField_0360","","","","准备好了吗，妹妹们？"
"Integrated","MegaeraField_","0361","MegaeraField_0361","","","","阿勒克图，提西福涅，就是现在！！"
"Integrated","MegaeraField_","0362","MegaeraField_0362","","","","阿勒克图，提西，你们准备好了吗？"
"Integrated","MegaeraField_","0363","MegaeraField_0363","","","","复仇三女神，准备出击。"
"Darren","MegaeraField_","0364","MegaeraField_0364","","","","由我亲自来了结。"
"Integrated","MegaeraField_","0365","MegaeraField_0365","","","","我们是复仇三女神！!"
"Integrated","MegaeraField_","0366","MegaeraField_0366","","","","现在！"
"Integrated","MegaeraField_","0367","MegaeraField_0367","","","","攻击！"
"Integrated","MegaeraField_","0368","MegaeraField_0368","","","","杀！"
"Integrated","MegaeraField_","0369","MegaeraField_0369","","","","逮着他了。"
"Integrated","MegaeraField_","0370","MegaeraField_0370","","","","我们是复仇三女神。"
"Integrated","MegaeraField_","0371","MegaeraField_0371","","","","我们这里的工作做完了。"
"Integrated","MegaeraField_","0372","MegaeraField_0372","","","","他在我们面前没有还手之力。"
"Integrated","MegaeraField_","0373","MegaeraField_0373","","","","<笑声>"
"Integrated","MegaeraField_","0374","MegaeraField_0374","","","","<笑声>"
"Integrated","MegaeraField_","0375","MegaeraField_0375","","","","<笑声>"
"Integrated","MegaeraField_","0376","MegaeraField_0376","","","","<笑声>"
"Integrated","MegaeraField_","0377","MegaeraField_0377","","","","<笑声>"
"Unused","MegaeraField_","0397","MegaeraField_0397","","","","我真是谢谢你。不过首先我要给你介绍一下我的鞭子。"
"Integrated","MegaeraField_","0398","MegaeraField_0398","","","","什么——？"
"Integrated","MegaeraField_","0399","MegaeraField_0399","","","","什么…！"
"Integrated","MegaeraField_","0400","MegaeraField_0400","","","","扎格列欧斯…"
"Integrated","MegaeraField_","0401","MegaeraField_0401","","","","那来吧。"
"Integrated","MegaeraField_","0402","MegaeraField_0402","","","","放马过来。"
"Integrated","MegaeraField_","0403","MegaeraField_0403","","","","怎么…？"
"Integrated","MegaeraField_","0404","MegaeraField_0404","","","","怎么…"
"Integrated","MegaeraField_","0405","MegaeraField_0405","","","","怎么回事。"
"Integrated","MegaeraField_","0406","MegaeraField_0406","","","","你到底怎么了。"
"Integrated","MegaeraField_","0407","MegaeraField_0407","","","","所以..."
"Integrated","MegaeraField_","0408","MegaeraField_0408","","","","你怎么能——？"
"Integrated","MegaeraField_","0409","MegaeraField_0409","","","","你怎么能…！"
"Integrated","MegaeraField_","0410","MegaeraField_0410","","","","又来了。"
"Integrated","MegaeraField_","0411","MegaeraField_0411","","","","你生气了。"
"Integrated","MegaeraField_","0412","MegaeraField_0412","","","","你毫无自制力。"
"Integrated","MegaeraField_","0413","MegaeraField_0413","","","","控制住你自己。"
"Darren","MegaeraField_","0416","MegaeraField_0416","","","","阿勒克图和我。我们有机会谈了谈，然后我们达成了协议，扎格列欧斯。如你所见。"
"Darren","MegaeraField_","0417","MegaeraField_0417","","","","提西福涅和我。我们有机会解决了我们之间的一些问题，然后我们达成了协议，扎格列欧斯。如你所见。"
"Darren","MegaeraField_","0418","MegaeraField_0418","","","","我们这边没人在乎什么体育精神。只要能杀死你就行了。姐妹们，就是现在！"
"Integrated","MegaeraField_","0448","MegaeraField_0448","","","","站住！"
"Integrated","MegaeraField_","0449","MegaeraField_0449","","","","逮到你了。"
"Integrated","MegaeraField_","0450","MegaeraField_0450","","","","我在这儿呢。"
"Integrated","MegaeraField_","0451","MegaeraField_0451","","","","退后。"
"Integrated","MegaeraField_","0452","MegaeraField_0452","","","","扎格列欧斯!"
"Integrated","MegaeraField_","0453","MegaeraField_0453","","","","扎格!"
"Integrated","MegaeraField_","0454","MegaeraField_0454","","","","你叫我了？"
"Integrated","MegaeraField_","0455","MegaeraField_0455","","","","真是一团烂摊子！"
"Integrated","MegaeraField_","0456","MegaeraField_0456","","","","真是一团糟！"
"Integrated","MegaeraField_","0457","MegaeraField_0457","","","","真是一团糟啊，扎格。"
"Integrated","MegaeraField_","0458","MegaeraField_0458","","","","我赢了。"
"Integrated","MegaeraField_","0459","MegaeraField_0459","","","","需要帮助吗，扎格？"
"Integrated","MegaeraField_","0460","MegaeraField_0460","","","","我来处理。"
"Integrated","MegaeraField_","0461","MegaeraField_0461","","","","没问题。"
"Integrated","MegaeraField_","0462","MegaeraField_0462","","","","收到。"
"Integrated","MegaeraField_","0463","MegaeraField_0463","","","","接着战斗吧。"
"Integrated","MegaeraField_","0464","MegaeraField_0464","","","","离他远点！"
"Integrated","MegaeraField_","0465","MegaeraField_0465","","","","退下！"
"Integrated","MegaeraField_","0466","MegaeraField_0466","","","","退下。"
"Integrated","MegaeraField_","0467","MegaeraField_0467","","","","这里！"
"Integrated","MegaeraField_","0468","MegaeraField_0468","","","","离他远点！"
"Integrated","MegaeraField_","0469","MegaeraField_0469","","","","这只怪物，哼。"
"Integrated","MegaeraField_","0470","MegaeraField_0470","","","","这里太炎热了吗，扎格？"
"Integrated","MegaeraField_","0471","MegaeraField_0471","","","","遇上九头蛇了，扎格列欧斯？"
"Integrated","MegaeraField_","0472","MegaeraField_0472","","","","你好，九头蛇。"
"Integrated","MegaeraField_","0473","MegaeraField_0473","","","","退下，九头蛇！"
"Integrated","MegaeraField_","0474","MegaeraField_0474","","","","你怎能忍受如此酷热？"
"Integrated","MegaeraField_","0475","MegaeraField_0475","","","","可恶，阿斯忒里俄斯！"
"Integrated","MegaeraField_","0476","MegaeraField_0476","","","","阿斯忒里俄斯！"
"Integrated","MegaeraField_","0477","MegaeraField_0477","","","","不好意思打扰了。"
"Integrated","MegaeraField_","0478","MegaeraField_0478","","","","公平战斗到此为止了。"
"Integrated","MegaeraField_","0479","MegaeraField_0479","","","","你看上去很忙，扎格列欧斯。"
"Integrated","MegaeraField_","0480","MegaeraField_0480","","","","看好了，米诺斯之牛。"
"Integrated","MegaeraField_","0481","MegaeraField_0481","","","","我要上了，勇士！"
"Integrated","MegaeraField_","0482","MegaeraField_0482","","","","可恶，雅典的王！"
"Integrated","MegaeraField_","0483","MegaeraField_0483","","","","介意我不请自来吗？"
"Integrated","MegaeraField_","0484","MegaeraField_0484","","","","我们平分。"
"Integrated","MegaeraField_","0485","MegaeraField_0485","","","","忒修斯！！"
"Integrated","MegaeraField_","0486","MegaeraField_0486","","","","你别敢碰他一根毫毛！"
"Integrated","MegaeraField_","0487","MegaeraField_0487","","","","塔纳托斯。"
"Integrated","MegaeraField_","0488","MegaeraField_0488","","","","嗨，塔纳。"
"Integrated","MegaeraField_","0489","MegaeraField_0489","","","","你需要多少帮助？"
"Integrated","MegaeraField_","0490","MegaeraField_0490","","","","你难道没得到足够帮助吗？"
"Integrated","MegaeraField_","0491","MegaeraField_0491","","","","如果他在这里，你就不需要我了，扎格列欧斯。"
"Integrated","MegaeraField_","0492","MegaeraField_0492","","","","我打断了什么事吗？"
"Integrated","MegaeraField_","0493","MegaeraField_0493","","","","原谅我，冥王哈迪斯。"
"Integrated","MegaeraField_","0494","MegaeraField_0494","","","","请原谅我，冥王。"
"Integrated","MegaeraField_","0495","MegaeraField_0495","","","","冥王哈迪斯！"
"Integrated","MegaeraField_","0496","MegaeraField_0496","","","","我不得不帮他，大人！"
"Integrated","MegaeraField_","0497","MegaeraField_0497","","","","真的吗，扎格列欧斯？！"
"Integrated","MegaeraField_","0498","MegaeraField_0498","","","","你陷我于不义之地，扎格！"
"Integrated","MegaeraField_","0499","MegaeraField_0499","","","","还没受够我吗？"
"Integrated","MegaeraField_","0500","MegaeraField_0500","","","","什么，又来了？"
"Integrated","MegaeraField_","0501","MegaeraField_0501","","","","已经要求助了？"
"Integrated","MegaeraField_","0502","MegaeraField_0502","","","","又怎么了？"
"Integrated","MegaeraField_","0503","MegaeraField_0503","","","","嗤，这么快？"
"Integrated","MegaeraField_","0504","MegaeraField_0504","","","","想我了吗，扎格列欧斯？"
"Integrated","MegaeraField_","0505","MegaeraField_0505","","","","我又来了。"
"Integrated","MegaeraField_","0506","MegaeraField_0506","","","","什么，这么快？"
"Integrated","MegaeraField_","0507","MegaeraField_0507","","","","别死。"
"Integrated","MegaeraField_","0508","MegaeraField_0508","","","","继续走吧。"
"Integrated","MegaeraField_","0509","MegaeraField_0509","","","","拜拜。"
"Integrated","MegaeraField_","0510","MegaeraField_0510","","","","我得走了。"
"Integrated","MegaeraField_","0511","MegaeraField_0511","","","","快拿开。"
"Integrated","MegaeraField_","0512","MegaeraField_0512","","","","我得走了。"
"Integrated","MegaeraField_","0513","MegaeraField_0513","","","","开打。"
"Integrated","MegaeraField_","0514","MegaeraField_0514","","","","我得回去了。"
"Integrated","MegaeraField_","0515","MegaeraField_0515","","","","勇气可嘉。"
"Integrated","MegaeraField_","0516","MegaeraField_0516","","","","你以为会怎么样？"
"Integrated","MegaeraField_","0517","MegaeraField_0517","","","","那可不奏效。"
"Integrated","MegaeraField_","0518","MegaeraField_0518","","","","我觉得不行。"
"Integrated","MegaeraField_","0519","MegaeraField_0519","","","","没人会来救你。"
"Integrated","MegaeraField_","0520","MegaeraField_0520","","","","哈哈哈，不。"
"Integrated","MegaeraField_","0521","MegaeraField_0521","","","","绝无可能，扎格。"
"Integrated","MegaeraField_","0522","MegaeraField_0522","","","","别说笑了。"
"Integrated","MegaeraField_","0523","MegaeraField_0523","","","","绝无可能。"
"Integrated","MegaeraField_","0524","MegaeraField_0524","","","","真的？"
"Integrated","MegaeraField_","0525","MegaeraField_0525","","","","别吹牛了，扎格。"
"Integrated","MegaeraField_","0557","MegaeraField_0557","","","","塔纳托斯？在这儿？"
"Integrated","MegaeraField_","0558","MegaeraField_0558","","","","怎么回事，塔纳？"
"Integrated","MegaeraField_","0559","MegaeraField_0559","","","","滚出去，塔纳。"
"Integrated","MegaeraField_","0560","MegaeraField_0560","","","","你不该插手，塔纳。"
"Integrated","MegaeraField_","0561","MegaeraField_0561","","","","塔纳托斯，又是你？"
"Integrated","MegaeraField_","0562","MegaeraField_0562","","","","塔纳托斯！"
"Integrated","MegaeraField_","0563","MegaeraField_0563","","","","塔纳托斯？！"
"Integrated","MegaeraField_","0564","MegaeraField_0564","","","","这是什么意思?"
"Integrated","MegaeraField_","0565","MegaeraField_0565","","","","这是哪位蠢蛋？"
"Integrated","MegaeraField_","0566","MegaeraField_0566","","","","我可没召唤你！"
"Integrated","MegaeraField_","0567","MegaeraField_0567","","","","那个东西怎么会进来？！"
"Integrated","MegaeraField_","0568","MegaeraField_0568","","","","你结交了一些古怪的朋友，扎格列欧斯！"
"Integrated","MegaeraField_","0569","MegaeraField_0569","","","","是那天杀的骷髅！"
"Integrated","MegaeraField_","0570","MegaeraField_0570","","","","又是那个骷髅？"
"Integrated","MegaeraField_","0571","MegaeraField_0571","","","","西西弗斯！！"
"Integrated","MegaeraField_","0572","MegaeraField_0572","","","","西西弗斯？！"
"Integrated","MegaeraField_","0573","MegaeraField_0573","","","","你好大的胆子，西西弗斯！"
"Integrated","MegaeraField_","0574","MegaeraField_0574","","","","这不可能，西西弗斯？！"
"Integrated","MegaeraField_","0575","MegaeraField_0575","","","","可恶，西西弗斯！"
"Integrated","MegaeraField_","0576","MegaeraField_0576","","","","你这该死的东西！"
"Integrated","MegaeraField_","0577","MegaeraField_0577","","","","扎格列欧斯，你怎么能——！"
"Integrated","MegaeraField_","0578","MegaeraField_0578","","","","你会后悔的，西西弗斯！"
"Integrated","MegaeraField_","0579","MegaeraField_0579","","","","怎么回事，扎格列欧斯？"
"Integrated","MegaeraField_","0580","MegaeraField_0580","","","","给我出来，和我打一架！"
"Integrated","MegaeraField_","0581","MegaeraField_0581","","","","你一个人打不过我吗？"
"Integrated","MegaeraField_","0582","MegaeraField_0582","","","","又是你？"
"Integrated","MegaeraField_","0583","MegaeraField_0583","","","","又是你！"
"Integrated","MegaeraField_","0584","MegaeraField_0584","","","","我说了，给我出去！"
"Integrated","MegaeraField_","0585","MegaeraField_0585","","","","我说过你别插手！"
"Integrated","MegaeraField_","0586","MegaeraField_0586","","","","离开这里！！"
"Integrated","MegaeraField_","0587","MegaeraField_0587","","","","这里你别插手！"
"Integrated","MegaeraField_","0588","MegaeraField_0588","","","","你没有许可在这出现！"
"Integrated","MegaeraField_","0589","MegaeraField_0589","","","","你没有别的地方要去吗？"
"Integrated","MegaeraField_","0590","MegaeraField_0590","","","","想用你的头发耍什么手段？"
"Integrated","MegaeraField_","0591","MegaeraField_0591","","","","你好像有点不一样。"
"Integrated","MegaeraField_","0592","MegaeraField_0592","","","","你对我做了什么……"
"Integrated","MegaeraField_","0593","MegaeraField_0593","","","","什么……？"
"Integrated","MegaeraField_","0594","MegaeraField_0594","","","","我的内心混乱了……"
"Integrated","MegaeraField_","0595","MegaeraField_0595","","","","你最近健身了？"
"Integrated","MegaeraField_","0596","MegaeraField_0596","","","","发生了什么……"
"Integrated","MegaeraField_","0597","MegaeraField_0597","","","","这太令人难堪了……"
"Integrated","MegaeraField_","0598","MegaeraField_0598","","","","脏把戏……"
"Integrated","MegaeraField_","0599","MegaeraField_0599","","","","噢不……"
"Integrated","MegaeraField_","0600","MegaeraField_0600","","","","准备好了吗？"
"Integrated","MegaeraField_","0601","MegaeraField_0601","","","","准备好！"
"Integrated","MegaeraField_","0602","MegaeraField_0602","","","","好吧。"
"Integrated","MegaeraField_","0603","MegaeraField_0603","","","","现在…"
"Integrated","MegaeraField_","0604","MegaeraField_0604","","","","扎格列欧斯！"
"Integrated","MegaeraField_","0605","MegaeraField_0605","","","","这样如何！"
"Integrated","MegaeraField_","0606","MegaeraField_0606","","","","你这蛆虫！"
"Integrated","MegaeraField_","0607","MegaeraField_0607","","","","你！"
"Integrated","MegaeraField_","0608","MegaeraField_0608","","","","好！"
"Integrated","MegaeraField_","0609","MegaeraField_0609","","","","跑！"
"Integrated","MegaeraField_","0610","MegaeraField_0610","","","","这里，扎格！"
"Integrated","MegaeraField_","0611","MegaeraField_0611","","","","跑起来！"
"Integrated","MegaeraField_","0612","MegaeraField_0612","","","","好吧！"
"Integrated","MegaeraField_","0613","MegaeraField_0613","","","","你知道要面对什么吗！"
"Integrated","MegaeraField_","0614","MegaeraField_0614","","","","你准备好了吗？"
"Integrated","MegaeraField_","0615","MegaeraField_0615","","","","注意脚下！"
"Integrated","MegaeraField_","0616","MegaeraField_0616","","","","你最好跑起来。"
"Integrated","MegaeraField_","0617","MegaeraField_0617","","","","接下这招！"
"Integrated","MegaeraField_","0618","MegaeraField_0618","","","","我会打败你的。"
"Integrated","MegaeraField_","0619","MegaeraField_0619","","","","你喜欢我的鞭子吗？"
"Integrated","MegaeraField_","0620","MegaeraField_0620","","","","哪都别去。"
"Integrated","MegaeraField_","0621","MegaeraField_0621","","","","你好好待在那别动。"
"Integrated","MegaeraField_","0622","MegaeraField_0622","","","","你跑不掉的。"
"Integrated","MegaeraField_","0623","MegaeraField_0623","","","","待在那。"
"Integrated","MegaeraField_","0624","MegaeraField_0624","","","","不会很疼的。"
"Integrated","MegaeraField_","0625","MegaeraField_0625","","","","这一下会很疼。"
"Integrated","MegaeraField_","0626","MegaeraField_0626","","","","噢，哈哈哈。"
"Integrated","MegaeraField_","0627","MegaeraField_0627","","","","噢嚯……"
"Integrated","MegaeraField_","0628","MegaeraField_0628","","","","还不赖嘛。"
"Integrated","MegaeraField_","0629","MegaeraField_0629","","","","真的。"
"Integrated","MegaeraField_","0630","MegaeraField_0630","","","","哼。"
"Integrated","MegaeraField_","0631","MegaeraField_0631","","","","就是这样。"
"Integrated","MegaeraField_","0632","MegaeraField_0632","","","","还没呢。"
"Integrated","MegaeraField_","0633","MegaeraField_0633","","","","呃，咳呵。"
"Integrated","MegaeraField_","0634","MegaeraField_0634","","","","你真贴心，扎格。"
"Integrated","MegaeraField_","0635","MegaeraField_0635","","","","要我给你点个赞吗？"
"Integrated","MegaeraField_","0636","MegaeraField_0636","","","","你可以做得更好。"
"Integrated","MegaeraField_","0637","MegaeraField_0637","","","","你就这点能耐？"
"Integrated","MegaeraField_","0638","MegaeraField_0638","","","","没了？"
"Integrated","MegaeraField_","0639","MegaeraField_0639","","","","就这？"
"Integrated","MegaeraField_","0640","MegaeraField_0640","","","","这就完了？"
"Integrated","MegaeraField_","0641","MegaeraField_0641","","","","到我了。"
"Integrated","MegaeraField_","0642","MegaeraField_0642","","","","塔耳塔罗斯的卑劣暗灵啊，听我召唤！"
"Integrated","MegaeraField_","0643","MegaeraField_0643","","","","暗灵，听我号令，与我一道作战！"
"Integrated","MegaeraField_","0644","MegaeraField_0644","","","","塔耳塔罗斯的卑劣暗灵啊，助我一臂之力吧！"
"Integrated","MegaeraField_","0645","MegaeraField_0645","","","","出现吧，暗灵们！"
"Integrated","MegaeraField_","0646","MegaeraField_0646","","","","你不介意我叫几个新朋友来帮忙吧？"
"Integrated","MegaeraField_","0647","MegaeraField_0647","","","","请求立即支援！"
"Integrated","MegaeraField_","0648","MegaeraField_0648","","","","塔耳塔罗斯，我需要支援！"
"Integrated","MegaeraField_","0649","MegaeraField_0649","","","","你以为你还能撑得住吗？"
"Integrated","MegaeraField_","0650","MegaeraField_0650","","","","我跟你还没完事呢。"
"Integrated","MegaeraField_","0651","MegaeraField_0651","","","","你变强了啊，扎格。"
"Integrated","MegaeraField_","0652","MegaeraField_0652","","","","你敢放水试试。"
"Integrated","MegaeraField_","0653","MegaeraField_0653","","","","总算有点进展了。"
"Integrated","MegaeraField_","0654","MegaeraField_0654","","","","你以前不过是个孬种而已。"
"Integrated","MegaeraField_","0655","MegaeraField_0655","","","","还没完呢。"
"Integrated","MegaeraField_","0656","MegaeraField_0656","","","","你还没打败我呢。"
"Integrated","MegaeraField_","0657","MegaeraField_0657","","","","你是怎么变得这么强的？"
"Integrated","MegaeraField_","0658","MegaeraField_0658","","","","够了，该做个了结了。"
"Integrated","MegaeraField_","0659","MegaeraField_0659","","","","你是我的并永远都是我的，扎格列欧斯。"
"Integrated","MegaeraField_","0660","MegaeraField_0660","","","","你是我的，扎格。别忘了。"
"Integrated","MegaeraField_","0661","MegaeraField_0661","","","","回去之后再跟你算账。"
"Integrated","MegaeraField_","0662","MegaeraField_0662","","","","这是工作的一部分。"
"Integrated","MegaeraField_","0663","MegaeraField_0663","","","","你还想怎么样？"
"Integrated","MegaeraField_","0664","MegaeraField_0664","","","","你的能耐可不止如此，扎格列欧斯。"
"Integrated","MegaeraField_","0665","MegaeraField_0665","","","","你是不是分心了，扎格列欧斯？"
"Integrated","MegaeraField_","0666","MegaeraField_0666","","","","下次可别这么粗心大意了，扎格。"
"Integrated","MegaeraField_","0667","MegaeraField_0667","","","","真得感谢你让我稍微热了热身。"
"Integrated","MegaeraField_","0668","MegaeraField_0668","","","","我猜我们很快就又能见面了。"
"Integrated","MegaeraField_","0669","MegaeraField_0669","","","","我们打败他了，姐妹们。"
"Integrated","MegaeraField_","0670","MegaeraField_0670","","","","干掉他，阿勒克图，漂亮。"
"Integrated","MegaeraField_","0671","MegaeraField_0671","","","","冷静点，提西福涅，他已经倒了。"
"Integrated","MegaeraField_","0672","MegaeraField_0672","","","","他完蛋了，提西。干得好。"
"Integrated","MegaeraField_","0673","MegaeraField_0673","","","","你差点打倒我了。"
"Integrated","MegaeraField_","0674","MegaeraField_0674","","","","跟以前一样，我又打败你了，扎格。"
"Integrated","MegaeraField_","0675","MegaeraField_0675","","","","找到规律了吗，扎格列欧斯？"
"Integrated","MegaeraField_","0676","MegaeraField_0676","","","","不管是对你还是对其他人，我都不会放水。"
"Integrated","MegaeraField_","0677","MegaeraField_0677","","","","终于干掉你了。"
"Integrated","MegaeraField_","0678","MegaeraField_0678","","","","你最好给我拿出点真本事来。"
"Integrated","MegaeraField_","0679","MegaeraField_0679","","","","这么长时间过去了，我还是挺厉害的。"
"Integrated","MegaeraField_","0680","MegaeraField_0680","","","","呃……不赖……嘛……"
"Integrated","MegaeraField_","0681","MegaeraField_0681","","","","咳，呵呵……"
"Integrated","MegaeraField_","0682","MegaeraField_0682","","","","啊，我……输了……"
"Integrated","MegaeraField_","0683","MegaeraField_0683","","","","呃嗯嗯！真是……"
"Integrated","MegaeraField_","0684","MegaeraField_0684","","","","咳！！继……续……"
"Integrated","MegaeraField_","0685","MegaeraField_0685","","","","不！你……很强……"
"Integrated","MegaeraField_","0686","MegaeraField_0686","","","","啊！每次……都……！"
"Integrated","MegaeraField_","0687","MegaeraField_0687","","","","呣！打得……不错……"
"Integrated","MegaeraField_","0688","MegaeraField_0688","","","","呃，你……不可能……"
"Integrated","MegaeraField_","0689","MegaeraField_0689","","","","啊，不可……能……"
"Integrated","MegaeraField_","0690","MegaeraField_0690","","","","啊，那……好吧……"
"Integrated","MegaeraField_","0691","MegaeraField_0691","","","","妹妹们……去……"
"Integrated","MegaeraField_","0692","MegaeraField_0692","","","","抱歉……妹妹们……"
"Integrated","MegaeraField_","0693","MegaeraField_0693","","","","啊啊……阿勒克图……"
"Integrated","MegaeraField_","0694","MegaeraField_0694","","","","啊……这，我……"
"Integrated","MegaeraField_","0695","MegaeraField_0695","","","","我……讨厌……你……"
"Integrated","MegaeraField_","0696","MegaeraField_0696","","","","呃……还……没……"
"Integrated","MegaeraField_","0697","MegaeraField_0697","","","","出来，和我打一架！"
"Integrated","MegaeraField_","0698","MegaeraField_0698","","","","看来你需要帮手，呵呵？"
"Integrated","MegaeraField_","0699","MegaeraField_0699","","","","又想找人帮忙了？"
"Integrated","MegaeraField_","0700","MegaeraField_0700","","","","要叫人了吗？"
"Integrated","MegaeraField_","0701","MegaeraField_0701","","","","真是机灵……"
"Integrated","MegaeraField_","0702","MegaeraField_0702","","","","又是这样？"
"Integrated","MegaeraField_","0703","MegaeraField_0703","","","","来啊，扎格。"
"Integrated","MegaeraField_","0704","MegaeraField_0704","","","","别再这样了啊。"
"Integrated","MegaeraField_","0705","MegaeraField_0705","","","","哦，不。"
"Integrated","MegaeraField_","0706","MegaeraField_0706","","","","这点帮助帮帮不了你。"
"Integrated","MegaeraField_","0707","MegaeraField_0707","","","",""
"Integrated","MegaeraField_","0708","MegaeraField_0708","","","",""
"Integrated","MegaeraField_","0709","MegaeraField_0709","","","",""
"Integrated","MegaeraField_","0710","MegaeraField_0710","","","",""
"Integrated","MegaeraField_","0711","MegaeraField_0711","","","",""
"Integrated","MegaeraField_","0712","MegaeraField_0712","","","",""
"Integrated","MegaeraField_","0713","MegaeraField_0713","","","","杜莎？！"
"Integrated","MegaeraField_","0714","MegaeraField_0714","","","","杜莎！"
"Integrated","MegaeraField_","0715","MegaeraField_0715","","","","杜莎，来这里了？"
"Integrated","MegaeraField_","0716","MegaeraField_0716","","","","杜莎，这是怎么回事？"
"Integrated","MegaeraField_","0717","MegaeraField_0717","","","","你在干什么呢，杜莎？！"
"Integrated","MegaeraField_","0718","MegaeraField_0718","","","","阿喀琉斯？！"
"Integrated","MegaeraField_","0719","MegaeraField_0719","","","","阿喀琉斯！"
"Integrated","MegaeraField_","0720","MegaeraField_0720","","","","阿喀琉斯，来这里了？"
"Integrated","MegaeraField_","0721","MegaeraField_0721","","","","阿喀琉斯？这怎么可能？"
"Integrated","MegaeraField_","0736","MegaeraField_0736","","","","卡戎！"
"Integrated","MegaeraField_","0737","MegaeraField_0737","","","","你好啊，卡戎！"
"Integrated","MegaeraField_","0738","MegaeraField_0738","","","","让我跟卡戎打？"
"Integrated","MegaeraField_","0739","MegaeraField_0739","","","","这里，卡戎！"
"Integrated","MegaeraField_","0740","MegaeraField_0740","","","","回到你的岗位上去，幽灵！"
"Integrated","MegaeraField_","0741","MegaeraField_0741","","","","你不该来这里，幽灵！"
"Integrated","MegaeraField_","0758","MegaeraField_0758","","","","我来了！"
"Integrated","MegaeraField_","0759","MegaeraField_0759","","","","扎格列欧斯！"
"Integrated","MegaeraField_","0760","MegaeraField_0760","","","","这里！"
"Integrated","MegaeraField_","0761","MegaeraField_0761","","","","好吧！"
"Integrated","MegaeraField_","0762","MegaeraField_0762","","","","够了。"
"Integrated","MegaeraField_","0763","MegaeraField_0763","","","","快跑，扎格。"
"Integrated","MegaeraField_","0764","MegaeraField_0764","","","","好吧。"
"Integrated","MegaeraField_","0765","MegaeraField_0765","","","","试试这个。"
"Integrated","MegaeraField_","0766","MegaeraField_0766","","","","让他停下！"
"Integrated","MegaeraField_","0767","MegaeraField_0767","","","","干掉他！"
"Integrated","MegaeraField_","0768","MegaeraField_0768","","","","嗯。"
"Integrated","MegaeraField_","0769","MegaeraField_0769","","","","真的……"
"Integrated","MegaeraField_","0770","MegaeraField_0770","","","","干的漂亮……"
"Integrated","MegaeraField_","0771","MegaeraField_0771","","","","可恶……"
"Integrated","MegaeraField_","0772","MegaeraField_0772","","","","哦，拜托。"
"Integrated","MegaeraField_","0773","MegaeraField_0773","","","","真的吗，扎格？"
"Integrated","MegaeraField_","0774","MegaeraField_0774","","","","如何？"
"Integrated","MegaeraField_","0775","MegaeraField_0775","","","","喜欢吗？"
"Integrated","MegaeraField_","0776","MegaeraField_0776","","","","还要吗？"
"Integrated","MegaeraField_","0777","MegaeraField_0777","","","","就是这样。"
"Integrated","MegaeraField_","0778","MegaeraField_0778","","","","嗯。"
"Integrated","MegaeraField_","0779","MegaeraField_0779","","","","哈！"
"Integrated","MegaeraField_","0780","MegaeraField_0780","","","","不。"
"Integrated","MegaeraField_","0781","MegaeraField_0781","","","","我不这么认为。"
"Integrated","MegaeraField_","0782","MegaeraField_0782","","","","我需要支援，快来！"
"Integrated","MegaeraField_","0783","MegaeraField_0783","","","","塔耳塔罗斯的暗灵啊，来吧！"
"Integrated","MegaeraField_","0784","MegaeraField_0784","","","","我需要支援！"
"Integrated","MegaeraField_","0785","MegaeraField_0785","","","","来吧，暗灵们！"
"Integrated","MegaeraField_","0786","MegaeraField_0786","","","","来吧，暗灵们！听我号令！"
"Integrated","MegaeraField_","0787","MegaeraField_0787","","","","就是现在，暗灵们！"
"Integrated","MegaeraField_","0788","MegaeraField_0788","","","","来吧，暗灵们！"
