"Skelly","ID","ID","ID","","","","Line","","Notes by AR","Notes by DK"
"Integrated","Skelly_","0002","Skelly_0002","","","","哎注意你甩出去的那些火球样的东西，这玩意破坏力可大了，你用完了我还要去打扫，你知道不？但是要是有谁让你不爽了，我允许你直接用这个东西插爆他的眼珠子！","","",""
"Integrated","Skelly_","0005","Skelly_0005","","","","你这地方不错啊兄嘚！别废话了，来练练吧！来啊，快点打我，看看你到底有多大能耐！！","","",""
"Integrated","Skelly_","0007","Skelly_0007","","","","喂，这边！","","",""
"Integrated","Skelly_","0008","Skelly_0008","","","","喂喂！","","",""
"Integrated","Skelly_","0009","Skelly_0009","","","","喂，兄嘚！","","",""
"Integrated","Skelly_","0010","Skelly_0010","","","","想揍我不，兄嘚？","","",""
"Integrated","Skelly_","0011","Skelly_0011","","","","就这，也想打败我？","","",""
"Integrated","Skelly_","0012","Skelly_0012","","","","呃，还行！","","",""
"Integrated","Skelly_","0013","Skelly_0013","","","","有感觉了！","","",""
"Integrated","Skelly_","0014","Skelly_0014","","","","呃好啊！","","",""
"Integrated","Skelly_","0015","Skelly_0015","","","","耶，就是这样！","","",""
"Integrated","Skelly_","0016","Skelly_0016","","","","有那味儿了！","","",""
"Integrated","Skelly_","0017","Skelly_0017","","","","耶，兄嘚！","","",""
"Integrated","Skelly_","0018","Skelly_0018","","","","耶！","","",""
"Integrated","Skelly_","0019","Skelly_0019","","","","噢耶！","","",""
"Integrated","Skelly_","0020","Skelly_0020","","","","真不错啊！","","",""
"Integrated","Skelly_","0021","Skelly_0021","","","","喔耶！","","",""
"Integrated","Skelly_","0022","Skelly_0022","","","","噢好哎！","","",""
"Integrated","Skelly_","0023","Skelly_0023","","","","打得好！","","",""
"Integrated","Skelly_","0024","Skelly_0024","","","","还差点！","","",""
"Integrated","Skelly_","0025","Skelly_0025","","","","喝！","","",""
"Darren","Skelly_","0047","Skelly_0047","","","","我能为你做点什么？","","",""
"Integrated","Skelly_","0048","Skelly_0048","","","","怎么了，兄嘚。","","",""
"Darren","Skelly_","0049","Skelly_0049","","","","洗耳恭听！","","",""
"Darren","Skelly_","0050","Skelly_0050","","","","嗯，怎么了？","","",""
"Darren","Skelly_","0051","Skelly_0051","","","","你要做什么？","","",""
"Darren","Skelly_","0052","Skelly_0052","","","","要我帮忙还是干什么？","","",""
"Integrated","Skelly_","0053","Skelly_0053","","","","行啊。","","",""
"Darren","Skelly_","0054","Skelly_0054","","","","没什么好拒绝的。","","",""
"Darren","Skelly_","0055","Skelly_0055","","","","你说了算。","","",""
"Darren","Skelly_","0056","Skelly_0056","","","","没问题。","","",""
"Darren","Skelly_","0057","Skelly_0057","","","","得嘞。","","",""
"Darren","Skelly_","0058","Skelly_0058","","","","行！","","",""
"Integrated","Skelly_","0059","Skelly_0059","","","","行的。","","",""
"Darren","Skelly_","0060","Skelly_0060","","","","我了解。","","",""
"Darren","Skelly_","0061","Skelly_0061","","","","我明白了。","","",""
"Darren","Skelly_","0062","Skelly_0062","","","","交给我吧。","","",""
"Integrated","Skelly_","0063","Skelly_0063","","","","噢嚯！","","",""
"Integrated","Skelly_","0064","Skelly_0064","","","","耶噢！","","",""
"Integrated","Skelly_","0065","Skelly_0065","","","","很有精神！","","",""
"Integrated","Skelly_","0066","Skelly_0066","","","","继续继续！","","",""
"Integrated","Skelly_","0067","Skelly_0067","","","","嚯嚯嚯！","","",""
"Integrated","Skelly_","0068","Skelly_0068","","","","噢！","","",""
"Integrated","Skelly_","0069","Skelly_0069","","","","有点儿疼！","","",""
"Integrated","Skelly_","0070","Skelly_0070","","","","嚯，好！","","",""
"Integrated","Skelly_","0071","Skelly_0071","","","","真厉害！","","",""
"Integrated","Skelly_","0072","Skelly_0072","","","","好厉害！","","",""
"Integrated","Skelly_","0073","Skelly_0073","","","","要改变计划了？","","",""
"Integrated","Skelly_","0074","Skelly_0074","","","","这下真漂亮！","","",""
"Integrated","Skelly_","0075","Skelly_0075","","","","噢，要改变计划了，我喜欢！","","",""
"Integrated","Skelly_","0076","Skelly_0076","","","","这个肯定不错。","","",""
"Integrated","Skelly_","0077","Skelly_0077","","","","要试试那个吗？","","",""
"Integrated","Skelly_","0078","Skelly_0078","","","","要换那个了？","","",""
"Integrated","Skelly_","0079","Skelly_0079","","","","喂那个看起来有点凶啊。","","",""
"Integrated","Skelly_","0080","Skelly_0080","","","","噢，看着都疼。","","",""
"Integrated","Skelly_","0081","Skelly_0081","","","","你手上这刀真吓人。","","",""
"Integrated","Skelly_","0082","Skelly_0082","","","","你这大盘子好吓人噢。","","",""
"Integrated","Skelly_","0083","Skelly_0083","","","","这啥玩意，鱼竿吗？","","",""
"Integrated","Skelly_","0084","Skelly_0084","","","","爷吓得你不敢近身了吗？","","",""
"Integrated","Skelly_","0085","Skelly_0085","","","","嘿不错！","","",""
"Integrated","Skelly_","0086","Skelly_0086","","","","拿着什么呢，拿着什么？","","",""
"Integrated","Skelly_","0087","Skelly_0087","","","","有好东西吗？","","",""
"Integrated","Skelly_","0088","Skelly_0088","","","","那是什么啊？","","",""
"Integrated","Skelly_","0089","Skelly_0089","","","","嚯，你行啊！","","",""
"Integrated","Skelly_","0090","Skelly_0090","","","","咱们歇会儿吧，兄弟？","","",""
"Integrated","Skelly_","0091","Skelly_0091","","","","让我休息一下行不？","","",""
"Integrated","Skelly_","0092","Skelly_0092","","","","好了，兄弟，可以停了！","","",""
"Integrated","Skelly_","0093","Skelly_0093","","","","随时可以暂停，兄嘚。","","",""
"Integrated","Skelly_","0094","Skelly_0094","","","","好吧，有点尴尬！","","",""
"Integrated","Skelly_","0095","Skelly_0095","","","","我要怎么变回去啊？","","",""
"Integrated","Skelly_","0096","Skelly_0096","","","","我觉得自己不该来。","","",""
"Integrated","Skelly_","0097","Skelly_0097","","","","我卡住了，兄弟。","","",""
"Integrated","Skelly_","0098","Skelly_0098","","","","不，不——！","","",""
"Integrated","Skelly_","0099","Skelly_0099","","","","这下行了…！","","",""
"Integrated","Skelly_","0100","Skelly_0100","","","","好哎！","","",""
"Integrated","Skelly_","0101","Skelly_0101","","","","释放了！","","",""
"Integrated","Skelly_","0102","Skelly_0102","","","","啊啊啊！！","","",""
"Integrated","Skelly_","0103","Skelly_0103","","","","马上回来…！","","",""
"Integrated","Skelly_","0104","Skelly_0104","","","","哦哦我得走了！","","",""
"Integrated","Skelly_","0105","Skelly_0105","","","","啊啊啊…","","",""
"Integrated","Skelly_","0106","Skelly_0106","","","","哈哈哈，看把你给吓得！","","",""
"Integrated","Skelly_","0107","Skelly_0107","","","","我错过了什么？","","",""
"Unused","Skelly_","0108","Skelly_0108","","","","哈哈，看把你给吓得！","","",""
"Integrated","Skelly_","0109","Skelly_0109","","","","回来了。","","",""
"Integrated","Skelly_","0110","Skelly_0110","","","","好了回来了。","","",""
"Integrated","Skelly_","0111","Skelly_0111","","","","想我了吗？","","",""
"Integrated","Skelly_","0112","Skelly_0112","","","","嘿！","","",""
"Integrated","Skelly_","0113","Skelly_0113","","","","你好啊！","","",""
"Integrated","Skelly_","0114","Skelly_0114","","","","好了我回来了！","","",""
"Integrated","Skelly_","0121","Skelly_0121","","","","啊，正合我意，天天挨打真是够了噢！东西我拿走了，不过我得回你一个！","","",""
"Integrated","Skelly_","0122","Skelly_0122","","","","你终于出现了！","","",""
"Integrated","Skelly_","0123","Skelly_0123","","","","总是会回来的。","","",""
"Integrated","Skelly_","0124","Skelly_0124","","","","可等死我了！","","",""
"Integrated","Skelly_","0125","Skelly_0125","","","","真是准时！","","",""
"Integrated","Skelly_","0126","Skelly_0126","","","","嘿！","","",""
"Integrated","Skelly_","0127","Skelly_0127","","","","在这儿等好久了！","","",""
"Integrated","Skelly_","0128","Skelly_0128","","","","动都没动！","","",""
"Integrated","Skelly_","0129","Skelly_0129","","","","要走还是怎么的？","","",""
"Integrated","Skelly_","0130","Skelly_0130","","","","打不打？","","",""
"Integrated","Skelly_","0131","Skelly_0131","","","","哎嘿！","","",""
"Integrated","Skelly_","0132","Skelly_0132","","","","最近怎么样？","","",""
"Integrated","Skelly_","0133","Skelly_0133","","","","他来了！","","",""
"Integrated","Skelly_","0134","Skelly_0134","","","","噢嗨！","","",""
"Integrated","Skelly_","0135","Skelly_0135","","","","有什么好事？","","",""
"Integrated","Skelly_","0136","Skelly_0136","","","","上次结果如何？","","",""
"Integrated","Skelly_","0137","Skelly_0137","","","","看起来不错！","","",""
"Integrated","Skelly_","0138","Skelly_0138","","","","啊你射到我了！","","",""
"Integrated","Skelly_","0139","Skelly_0139","","","","我会留着的！","","",""
"Integrated","Skelly_","0140","Skelly_0140","","","","抓住了！","","",""
"Integrated","Skelly_","0141","Skelly_0141","","","","卡到我了！","","",""
"Integrated","Skelly_","0142","Skelly_0142","","","","我被打了！","","",""
"Integrated","Skelly_","0143","Skelly_0143","","","","给你！","","",""
"Integrated","Skelly_","0144","Skelly_0144","","","","又中一发？","","",""
"Darren","Skelly_","0145","Skelly_0145","","","","还给你！","","",""
"Darren","Skelly_","0146","Skelly_0146","","","","接着！","","",""
"Integrated","Skelly_","0147","Skelly_0147","","","","掉东西了！","","",""
"Integrated","Skelly_","0148","Skelly_0148","","","","这是哪位小帅哥？","","",""
"Integrated","Skelly_","0149","Skelly_0149","","","","嘿，你朋友呢？","","",""
"Integrated","Skelly_","0150","Skelly_0150","","","","我认识他。","","",""
"Integrated","Skelly_","0151","Skelly_0151","","","","看看这个家伙。","","",""
"Integrated","Skelly_","0152","Skelly_0152","","","","最近怎么样？","","",""
"Darren","Skelly_","0153","Skelly_0153","","","","罗恩你好。","","",""
"Integrated","Skelly_","0154","Skelly_0154","","","","大家好。","","",""
"Darren","Skelly_","0155","Skelly_0155","","","","你好兄嘚，你好罗恩。","","",""
"Darren","Skelly_","0156","Skelly_0156","","","","这里应该有点东西要给你。","","",""
"Integrated","Skelly_","0157","Skelly_0157","","","","去那里看看有什么新东西。","","",""
"Darren","Skelly_","0158","Skelly_0158","","","","快递还是什么的。","","",""
"Darren","Skelly_","0163","Skelly_0163","","","","…我是说，阿喀琉斯，兄弟，我不是想开什么玩笑，我现在要说的，仅代表我自己噢。我活着的时候可从来没有在脚踝什么的地方中过箭！","","",""
"Darren","Skelly_","0164","Skelly_0164","","","","嚯，我当时可不是这副样子，好吗，你真该见识见识！我当年可是打遍全岛无敌手，蒙着眼打！","","",""
"Integrated","Skelly_","0172","Skelly_0172","","","","<啊！噢！哎！呃。哇！嗷！嗯！喔！>","","",""
"Integrated","Skelly_","0175","Skelly_0175","","","","好啊，兄嘚我等你好久了，来！","","",""
"Integrated","Skelly_","0176","Skelly_0176","","","","噢，我有东西要给你，兄嘚！","","",""
"Integrated","Skelly_","0177","Skelly_0177","","","","有一大堆奖励在那儿呢。","","",""
"Integrated","Skelly_","0180","Skelly_0180","","","","哈你做到了，兄嘚！奖励就在前方！","","",""
"Integrated","Skelly_","0181","Skelly_0181","","","","哎嘿，你做到了，兄弟！","","",""
"Integrated","Skelly_","0182","Skelly_0182","","","","她可真美啊！对不对！","","",""
"Integrated","Skelly_","0185","Skelly_0185","","","","哇噢你给自己赢得了另一个，恭喜你！","","",""
"Integrated","Skelly_","0186","Skelly_0186","","","","嘿我真是日了地狱三头狗了，你真的做到了！","","",""
"Integrated","Skelly_","0187","Skelly_0187","","","","因为兄弟你真是有眼光啊！","","",""
"Integrated","Skelly_","0190","Skelly_0190","","","","噢不…","","",""
"Integrated","Skelly_","0191","Skelly_0191","","","","是的，兄弟。她就是。","","",""
"Integrated","Skelly_","0192","Skelly_0192","","","","…什么…你认真的吗，兄弟？","","",""
"Integrated","Skelly_","0195","Skelly_0195","","","","是啊！","","",""
"Integrated","Skelly_","0196","Skelly_0196","","","","难道不是吗？","","",""
"Integrated","Skelly_","0197","Skelly_0197","","","","我有没有说过那东西花了很多硬币啊？","","",""
"Integrated","Skelly_","0198","Skelly_0198","","","","而且也挺重的。","","",""
"Integrated","Skelly_","0199","Skelly_0199","","","","我知道你的意思，兄弟。","","",""
"Integrated","Skelly_","0200","Skelly_0200","","","","当然了。","","",""
"Integrated","Skelly_","0201","Skelly_0201","","","","你说的，兄嘚。","","",""
"Integrated","Skelly_","0202","Skelly_0202","","","","她真好看啊？","","",""
"Integrated","Skelly_","0203","Skelly_0203","","","","我也在想同样的事。","","",""
"Integrated","Skelly_","0204","Skelly_0204","","","","你品味可真不错呢，兄弟。","","",""
"Integrated","Skelly_","0205","Skelly_0205","","","","她确实很不错！","","",""
"Integrated","Skelly_","0206","Skelly_0206","","","","你值得拥有最好的，兄弟。","","",""
"Integrated","Skelly_","0207","Skelly_0207","","","","这样解释就行了，兄嘚。","","",""
"Integrated","Skelly_","0208","Skelly_0208","","","","我知道你的意思。","","",""
"Integrated","Skelly_","0209","Skelly_0209","","","","我知道你喜欢那样的。","","",""
"Integrated","Skelly_","0210","Skelly_0210","","","","我说的没错吧？","","",""
"Integrated","Skelly_","0211","Skelly_0211","","","","噢当然了。","","",""
"Integrated","Skelly_","0212","Skelly_0212","","","","喔别碰那个！","","",""
"Integrated","Skelly_","0213","Skelly_0213","","","","那可是艺术品，无价之宝啊兄弟！","","",""
"Integrated","Skelly_","0214","Skelly_0214","","","","喂，别给它刮花了，兄嘚！","","",""
"Integrated","Skelly_","0215","Skelly_0215","","","","你是要我死啊兄弟。","","",""
"Integrated","Skelly_","0216","Skelly_0216","","","","别碰雕像！","","",""
"Integrated","Skelly_","0217","Skelly_0217","","","","不要啊！","","",""
"Integrated","Skelly_","0218","Skelly_0218","","","","不要，停！","","",""
"Integrated","Skelly_","0219","Skelly_0219","","","","请不要这样。","","",""
"Integrated","Skelly_","0220","Skelly_0220","","","","你真是太狠了。","","",""
"Integrated","Skelly_","0221","Skelly_0221","","","","哎看看这些雕像！","","",""
"Integrated","Skelly_","0222","Skelly_0222","","","","噢噢噢！","","",""
"Integrated","Skelly_","0223","Skelly_0223","","","","嘿看看！","","",""
"Integrated","Skelly_","0224","Skelly_0224","","","","别碰到了！","","",""
"Integrated","Skelly_","0225","Skelly_0225","","","","当心点兄弟！","","",""
"Integrated","Skelly_","0226","Skelly_0226","","","","喂停下！","","",""
"Integrated","Skelly_","0227","Skelly_0227","","","","去把表给填了。","","",""
"Integrated","Skelly_","0228","Skelly_0228","","","","规矩不是我定的，兄弟。","","",""
"Integrated","Skelly_","0229","Skelly_0229","","","","得去参加这场比赛了。","","",""
"Integrated","Skelly_","0230","Skelly_0230","","","","哼哼，我谅你也不敢！","","",""
"Integrated","Skelly_","0231","Skelly_0231","","","","你有胆量吗？","","",""
"Integrated","Skelly_","0232","Skelly_0232","","","","继续吧…","","",""
"Integrated","Skelly_","0233","Skelly_0233","","","","呃呃呃！","","",""
"Integrated","Skelly_","0234","Skelly_0234","","","","劳有所得，兄弟！","","",""
"Integrated","Skelly_","0235","Skelly_0235","","","","觉得自己配了吗？！","","",""
"Integrated","Skelly_","0236","Skelly_0236","","","","真是不错的奖品，兄嘚！","","",""
"Integrated","Skelly_","0237","Skelly_0237","","","","来啊，兄弟，及时行乐！","","",""
"Integrated","Skelly_","0238","Skelly_0238","","","","不，你得努力争取才行！","","",""
"Integrated","Skelly_","0239","Skelly_0239","","","","嘿啊！","","",""
"Integrated","Skelly_","0240","Skelly_0240","","","","冠军产生了！","","",""
"Integrated","Skelly_","0241","Skelly_0241","","","","你应得的，兄弟。","","",""
"Integrated","Skelly_","0242","Skelly_0242","","","","嗒嗒！","","",""
"Integrated","Skelly_","0243","Skelly_0243","","","","送给你的特快专递，兄嘚！","","",""
"Integrated","Skelly_","0244","Skelly_0244","","","","随时都把手指搭在扳机上，兄弟。","","",""
"Integrated","Skelly_","0245","Skelly_0245","","","","可简单了，兄弟，指哪儿射哪儿。","","",""
"Integrated","Skelly_","0246","Skelly_0246","","","","知道怎么用吗？","","",""
"Integrated","Skelly_","0247","Skelly_0247","","","","哎，你有证吗？就敢这样干？","","",""
"Integrated","Skelly_","0249","Skelly_0249","","","","或许你应该去那边，检查检查你的武器……","","",""
"Integrated","Skelly_","0252","Skelly_0252","","","","哎刚刚发生什么了？","","",""
"Integrated","Skelly_","0253","Skelly_0253","","","","哇刚才那是啥？","","",""
"Integrated","Skelly_","0254","Skelly_0254","","","","哎后面发生什么？","","",""
"Integrated","Skelly_","0255","Skelly_0255","","","","那边闹什么？","","",""
"Integrated","Skelly_","0256","Skelly_0256","","","","嘿、什么、啥？","","",""
"Integrated","Skelly_","0257","Skelly_0257","","","","你刚才干嘛了，兄嘚？","","",""
"Integrated","Skelly_","0258","Skelly_0258","","","","哇我能看看吗？","","",""
"Integrated","Skelly_","0259","Skelly_0259","","","","你刚才刚干了什么？","","",""
"Integrated","Skelly_","0260","Skelly_0260","","","","你还好吗，兄弟？","","",""
"Integrated","Skelly_","0261","Skelly_0261","","","","那什么黑魔法来着？","","",""
"Integrated","Skelly_","0262","Skelly_0262","","","","从没有感觉过这样的切割感！","","",""
"Integrated","Skelly_","0263","Skelly_0263","","","","你的剑这下可厉害了！","","",""
"Integrated","Skelly_","0264","Skelly_0264","","","","这弓箭的刺感有改变！","","",""
"Integrated","Skelly_","0265","Skelly_0265","","","","是新的箭吗，还是别的什么，兄弟？","","",""
"Integrated","Skelly_","0266","Skelly_0266","","","","你的盾好帅啊，兄弟！","","",""
"Integrated","Skelly_","0267","Skelly_0267","","","","我感到我被什么盯着……？","","",""
"Integrated","Skelly_","0268","Skelly_0268","","","","从没有被这样刺过！","","",""
"Integrated","Skelly_","0269","Skelly_0269","","","","我感觉那把长矛有三个尖，兄弟！","","",""
"Integrated","Skelly_","0270","Skelly_0270","","","","嗨刚才那一击感觉不太一样！","","",""
"Integrated","Skelly_","0271","Skelly_0271","","","","你在摆弄那个发射器吗，兄弟？","","",""
"Integrated","Skelly_","0272","Skelly_0272","","","","呃，试试我左手边的那件怎么样，兄嘚？","","",""
"Integrated","Skelly_","0273","Skelly_0273","","","","看看他们都对你的粉色窗户做了什么，兄弟！","","",""
"Integrated","Skelly_","0275","Skelly_0275","","","","喂，契约烧起来了，你肯定是做了什么！","","",""
"Integrated","Skelly_","0278","Skelly_0278","","","","忘了什么，还是什么？","","",""
"Integrated","Skelly_","0279","Skelly_0279","","","","怎么了，兄嘚？","","",""
"Integrated","Skelly_","0280","Skelly_0280","","","","已经拜拜过了，兄弟。","","",""
"Integrated","Skelly_","0281","Skelly_0281","","","","要再练一会儿吗，兄弟？","","",""
"Integrated","Skelly_","0282","Skelly_0282","","","","去吧，兄弟，你能行的。","","",""
"Integrated","Skelly_","0283","Skelly_0283","","","","去吧，兄嘚，离开这里。","","",""
"Integrated","Skelly_","0284","Skelly_0284","","","","可别因为我舍不得走啊，兄嘚。","","",""
"Integrated","Skelly_","0285","Skelly_0285","","","","要换一把漂亮武器吗，还是有别的事？","","",""
"Integrated","Skelly_","0286","Skelly_0286","","","","你要做什么啊，兄弟？","","",""
"Integrated","Skelly_","0287","Skelly_0287","","","","还没准备好吗，还是怎么的？","","",""
"Integrated","Skelly_","0288","Skelly_0288","","","","你要拿那东西大干一场了，是吧？","","",""
"Integrated","Skelly_","0289","Skelly_0289","","","","要拿这个热身吗？","","",""
"Integrated","Skelly_","0290","Skelly_0290","","","","换做是我，我可不会选那个。","","",""
"Integrated","Skelly_","0291","Skelly_0291","","","","我觉得，你用那个是打不着我的，兄弟。","","",""
"Integrated","Skelly_","0292","Skelly_0292","","","","那个嘛，呃……","","",""
"Integrated","Skelly_","0293","Skelly_0293","","","","来试试那个看看行不行吧。","","",""
"Integrated","Skelly_","0294","Skelly_0294","","","","拿着那个可得注意点啊，兄嘚。","","",""
"Integrated","Skelly_","0295","Skelly_0295","","","","砧板在这儿呢，兄弟。","","",""
"Integrated","Skelly_","0296","Skelly_0296","","","","想砍人了，呵。","","",""
"Integrated","Skelly_","0297","Skelly_0297","","","","来啊，拿它插我啊，兄嘚！","","",""
"Integrated","Skelly_","0298","Skelly_0298","","","","拿这个时注意点肋骨，OK？","","",""
"Integrated","Skelly_","0299","Skelly_0299","","","","如果你乐意的话，可以用那个东西来给我记一下时。","","",""
"Integrated","Skelly_","0300","Skelly_0300","","","","我还是不知道那是什么玩意儿。","","",""
"Integrated","Skelly_","0301","Skelly_0301","","","","快把箭射到我眼睛里，快点！","","",""
"Integrated","Skelly_","0302","Skelly_0302","","","","想来点射击练习，还是怎么着？","","",""
"Integrated","Skelly_","0303","Skelly_0303","","","","来啊，兄嘚，射我，快点快点！","","",""
"Integrated","Skelly_","0304","Skelly_0304","","","","让我看看你射得到底有多准！","","",""
"Integrated","Skelly_","0305","Skelly_0305","","","","我敢说你不可能连续命中我。","","",""
"Integrated","Skelly_","0306","Skelly_0306","","","","喂，兄弟，我想跟你说个事……","","",""
"Integrated","Skelly_","0312","Skelly_0312","","","","就是这样……这把剑……你得把它和那东西一起给我。","","",""
"Integrated","Skelly_","0313","Skelly_0313","","","","对对对，继续！！","","",""
"Integrated","Skelly_","0314","Skelly_0314","","","","我……终于……自由了……兄嘚……","","",""
"Integrated","Skelly_","0315","Skelly_0315","","","","啊，哈哈哈哈，嚯——嚯——嚯！","","",""
"Integrated","Skelly_","0320","Skelly_0320","","","","哈！！才不！","","",""
"Integrated","Skelly_","0321","Skelly_0321","","","","这都什么玩意？","","",""
"Integrated","Skelly_","0322","Skelly_0322","","","","来吧，白痴，别想以大欺小！","","",""
"Integrated","Skelly_","0323","Skelly_0323","","","","就是这群白痴找你的麻烦，兄弟？","","",""
"Integrated","Skelly_","0324","Skelly_0324","","","","我倒是要看看谁敢惹我兄弟！","","",""
"Integrated","Skelly_","0325","Skelly_0325","","","","嘿，大家都还好吗？","","",""
"Integrated","Skelly_","0326","Skelly_0326","","","","哇啊啊啊啊！我被集火了！！","","",""
"Integrated","Skelly_","0327","Skelly_0327","","","","谁把我杀了，谁就能升职！","","",""
"Integrated","Skelly_","0328","Skelly_0328","","","","啊，兄嘚，这地方也太乱了！","","",""
"Integrated","Skelly_","0329","Skelly_0329","","","","哇噢，这可真是个宜人的好地方呢！","","",""
"Integrated","Skelly_","0330","Skelly_0330","","","","我一听到消息就立马赶来了，兄弟！","","",""
"Integrated","Skelly_","0331","Skelly_0331","","","","我来保护你，兄弟！","","",""
"Integrated","Skelly_","0332","Skelly_0332","","","","哈，真是一群白痴！！","","",""
"Integrated","Skelly_","0333","Skelly_0333","","","","看看这群东西，都什么玩意！","","",""
"Integrated","Skelly_","0334","Skelly_0334","","","","嘿嘿，白痴，让我看看你的能耐！","","",""
"Integrated","Skelly_","0335","Skelly_0335","","","","我错过什么好东西了吗？","","",""
"Integrated","Skelly_","0336","Skelly_0336","","","","现在是站着不动挨打时间！","","",""
"Integrated","Skelly_","0337","Skelly_0337","","","","你们这群白痴可得好好练练才行！","","",""
"Integrated","Skelly_","0338","Skelly_0338","","","","你敢惹我兄弟，问过我了吗！","","",""
"Integrated","Skelly_","0339","Skelly_0339","","","","我来拖住他们，兄嘚，去干你该干的事情！","","",""
"Integrated","Skelly_","0340","Skelly_0340","","","","别管我了，兄嘚！保自己吧！","","",""
"Integrated","Skelly_","0341","Skelly_0341","","","","没事儿有我呢，兄弟！","","",""
"Integrated","Skelly_","0342","Skelly_0342","","","","啊，我勒个去！！","","",""
"Integrated","Skelly_","0343","Skelly_0343","","","","啊，我勒个去！","","",""
"Integrated","Skelly_","0344","Skelly_0344","","","","哎呀！","","",""
"Integrated","Skelly_","0345","Skelly_0345","","","","什么？","","",""
"Integrated","Skelly_","0346","Skelly_0346","","","","喝啊啊！","","",""
"Integrated","Skelly_","0347","Skelly_0347","","","","我要完蛋了！","","",""
"Integrated","Skelly_","0348","Skelly_0348","","","","用完了！","","",""
"Integrated","Skelly_","0349","Skelly_0349","","","","呃，兄弟？！","","",""
"Integrated","Skelly_","0350","Skelly_0350","","","","真有点尴尬。","","",""
"Integrated","Skelly_","0351","Skelly_0351","","","","嘿，不错。","","",""
"Integrated","Skelly_","0352","Skelly_0352","","","","你成功了！","","",""
"Integrated","Skelly_","0353","Skelly_0353","","","","干得漂亮，兄弟。","","",""
"Integrated","Skelly_","0354","Skelly_0354","","","","好了，这里没我什么事儿了。","","",""
"Integrated","Skelly_","0355","Skelly_0355","","","","你给他们好看了，兄弟！","","",""
"Integrated","Skelly_","0356","Skelly_0356","","","","好了，完事了。","","",""
"Integrated","Skelly_","0357","Skelly_0357","","","","收工了！","","",""
"Integrated","Skelly_","0358","Skelly_0358","","","","回头见！","","",""
"Integrated","Skelly_","0359","Skelly_0359","","","","该走咯！","","",""
"Integrated","Skelly_","0360","Skelly_0360","","","","喂喂，怎么回事？","","",""
"Integrated","Skelly_","0361","Skelly_0361","","","","那家伙可真够大的啊！","","",""
"Integrated","Skelly_","0362","Skelly_0362","","","","嘿，猛男，这儿呢！","","",""
"Integrated","Skelly_","0363","Skelly_0363","","","","啊，那是忒修斯吗？！","","",""
"Integrated","Skelly_","0364","Skelly_0364","","","","嗨，塔纳托斯，我是你的迷!","","",""
"Integrated","Skelly_","0365","Skelly_0365","","","","呃，嘿，嗯……嘿！","","",""
"Integrated","Skelly_","0366","Skelly_0366","","","","又需要我帮忙了吗，兄嘚？","","",""
"Integrated","Skelly_","0368","Skelly_0368","","","","没错，兄弟，就是这样！","","",""
"Integrated","Skelly_","0372","Skelly_0372","","","","有人找你麻烦吗，兄嘚？！","","",""
"Integrated","Skelly_","0373","Skelly_0373","","","","急需一具骷髅来吸引仇恨吗？","","",""
"Integrated","Skelly_","0374","Skelly_0374","","","","马上就到，兄弟！","","",""
"Integrated","Skelly_","0375","Skelly_0375","","","","在路上了，兄嘚！","","",""
"Integrated","Skelly_","0376","Skelly_0376","","","","收到，兄弟，挺住！","","",""
"Integrated","Skelly_","0377","Skelly_0377","","","","叫我吗，兄嘚？","","",""
"Integrated","Skelly_","0378","Skelly_0378","","","","喂喂，什么情况？","","",""
"Integrated","Skelly_","0379","Skelly_0379","","","","谢谢你找我帮忙，兄弟！","","",""
"Integrated","Skelly_","0380","Skelly_0380","","","","挨打的时候到了！","","",""
"Integrated","Skelly_","0381","Skelly_0381","","","","不需要跟我说两遍！","","",""
"Integrated","Skelly_","0382","Skelly_0382","","","","我回来了，错过什么了吗？","","",""
"Integrated","Skelly_","0383","Skelly_0383","","","","还要我帮忙吗？","","",""
"Integrated","Skelly_","0384","Skelly_0384","","","","噢！我马上回来！","","",""
"Integrated","Skelly_","0385","Skelly_0385","","","","一秒后就回来！","","",""
"Integrated","Skelly_","0386","Skelly_0386","","","","又叫我了，兄嘚？","","",""
"Integrated","Skelly_","0387","Skelly_0387","","","","哇啊！这里好热啊！","","",""
"Integrated","Skelly_","0388","Skelly_0388","","","","嗨看看这么多的岩浆！","","",""
"Integrated","Skelly_","0389","Skelly_0389","","","","这地方真不错！","","",""
"Integrated","Skelly_","0390","Skelly_0390","","","","哇啊，快看看这个地方！","","",""
"Integrated","Skelly_","0391","Skelly_0391","","","","嘿！这地儿不赖啊！","","",""
"Integrated","Skelly_","0392","Skelly_0392","","","","哇啊！这里是垃圾堆吗！","","",""
"Integrated","Skelly_","0393","Skelly_0393","","","","这里的气氛感觉不太对劲！","","",""
"Integrated","Skelly_","0394","Skelly_0394","","","","你妈搁家里榨油呢！","","",""
"Integrated","Skelly_","0395","Skelly_0395","","","","喂！不准以大欺小！","","",""
"Integrated","Skelly_","0396","Skelly_0396","","","","看看你能打断爷几根肋骨。","","",""
"Integrated","Skelly_","0397","Skelly_0397","","","","哎呀哎呀！来追我呀！","","",""
"Integrated","Skelly_","0398","Skelly_0398","","","","呀呀，快来追我呀！","","",""
"Integrated","Skelly_","0399","Skelly_0399","","","","我可别死了，不然身上的好东西就要爆出来了！","","",""
"Integrated","Skelly_","0400","Skelly_0400","","","","你们都是些臭鱼烂虾！！","","",""
"Integrated","Skelly_","0401","Skelly_0401","","","","嘿，我可以和你聊几句吗？","","",""
"Integrated","Skelly_","0402","Skelly_0402","","","","我可不是故意打扰的！！","","",""
"Integrated","Skelly_","0403","Skelly_0403","","","","来啊，白痴们，来揍我啊！","","",""
"Integrated","Skelly_","0404","Skelly_0404","","","","白痴们，爷就在这里，有本事把爷杀了啊！","","",""
"Integrated","Skelly_","0405","Skelly_0405","","","","来啊，弱智，有本事就弄死我啊！","","",""
"Integrated","Skelly_","0406","Skelly_0406","","","","来来来！爷等你来！","","",""
"Integrated","Skelly_","0407","Skelly_0407","","","","来，杀我吧！","","",""
"Integrated","Skelly_","0408","Skelly_0408","","","","来呀，杀我呀，我在这！","","",""
"Integrated","Skelly_","0409","Skelly_0409","","","","我在这，来杀我！","","",""
"Integrated","Skelly_","0410","Skelly_0410","","","","来啊，快啊，杀我！","","",""
"Integrated","Skelly_","0411","Skelly_0411","","","","怎么了，害怕了？！","","",""
"Integrated","Skelly_","0412","Skelly_0412","","","","想不想揍我啊？！","","",""
"Integrated","Skelly_","0413","Skelly_0413","","","","来啊，白痴们，让爷看看你们有啥能耐！","","",""
"Integrated","Skelly_","0414","Skelly_0414","","","","喂，白痴，爷在这儿呢！","","",""
"Integrated","Skelly_","0415","Skelly_0415","","","","这几个白痴还真不错嘿！","","",""
"Integrated","Skelly_","0416","Skelly_0416","","","","这些家伙看起来不怎么厉害！","","",""
"Integrated","Skelly_","0417","Skelly_0417","","","","噢！爷可是很能抗的啊！！","","",""
"Integrated","Skelly_","0418","Skelly_0418","","","","来啊！用全力打过来！！","","",""
"Integrated","Skelly_","0419","Skelly_0419","","","","别想活捉我！！","","",""
"Integrated","Skelly_","0420","Skelly_0420","","","","哈！","","",""
"Integrated","Skelly_","0421","Skelly_0421","","","","没错！就是这样！","","",""
"Integrated","Skelly_","0422","Skelly_0422","","","","不如爷求饶吧，怎么样？","","",""
"Integrated","Skelly_","0423","Skelly_0423","","","","啊，别啊，接着打我啊！","","",""
"Integrated","Skelly_","0424","Skelly_0424","","","","简直是不疼不痒啊！","","",""
"Integrated","Skelly_","0425","Skelly_0425","","","","吃饭了吗？","","",""
"Integrated","Skelly_","0426","Skelly_0426","","","","没吃饭吧！！","","",""
"Integrated","Skelly_","0427","Skelly_0427","","","","还没一屁劲儿大呢！","","",""
"Integrated","Skelly_","0428","Skelly_0428","","","","弱鸡！！","","",""
"Integrated","Skelly_","0429","Skelly_0429","","","","啧，不过如此嘛。","","",""
"Integrated","Skelly_","0430","Skelly_0430","","","","啧，还没我能打呢！","","",""
"Integrated","Skelly_","0431","Skelly_0431","","","","你管这叫打人？","","",""
"Integrated","Skelly_","0432","Skelly_0432","","","","就这？","","",""
"Integrated","Skelly_","0433","Skelly_0433","","","","完全没有感觉！","","",""
"Integrated","Skelly_","0434","Skelly_0434","","","","靠，我得走了！","","",""
"Integrated","Skelly_","0435","Skelly_0435","","","","我扛不住了，兄嘚！","","",""
"Integrated","Skelly_","0436","Skelly_0436","","","","替我报仇，兄弟！！","","",""
"Integrated","Skelly_","0437","Skelly_0437","","","","你能行的，兄嘚，走吧……！","","",""
"Integrated","Skelly_","0438","Skelly_0438","","","","你们这些白痴死定了！","","",""
"Integrated","Skelly_","0439","Skelly_0439","","","","我发誓，会有人给我报仇的！！","","",""
"Integrated","Skelly_","0440","Skelly_0440","","","","我还有大招没放呢！！","","",""
"Integrated","Skelly_","0441","Skelly_0441","","","","啊，算你走运！","","",""
"Integrated","Skelly_","0442","Skelly_0442","","","","啊！我不行了！","","",""
"Unused","Skelly_","0443","Skelly_0443","","","","喂！过来把你的矛拿走啊，兄嘚！","","",""
"Integrated","Skelly_","0444","Skelly_0444","","","","","","",""
"Integrated","Skelly_","0445","Skelly_0445","","","","","","",""
"Integrated","Skelly_","0446","Skelly_0446","","","","哎，什么？这怎么回事？","","",""
"Integrated","Skelly_","0447","Skelly_0447","","","","那一下不像是刺，更像是砍！","","",""
"Integrated","Skelly_","0448","Skelly_0448","","","","好吧，再见。","","",""
"Integrated","Skelly_","0449","Skelly_0449","","","","我就在这转转。","","",""
"Integrated","Skelly_","0450","Skelly_0450","","","","再见，兄弟！","","",""
"Integrated","Skelly_","0451","Skelly_0451","","","","再见，兄嘚。","","",""
"Integrated","Skelly_","0452","Skelly_0452","","","","能高兴能帮得上忙！","","",""
"Integrated","Skelly_","0453","Skelly_0453","","","","所以，呃……发生了那件事情。","","",""
"Integrated","Skelly_","0454","Skelly_0454","","","","我，呃……我马上过来。","","",""
"Integrated","Skelly_","0459","Skelly_0459","","","","哇哦，这爪子真够劲嘿！","","",""
"Integrated","Skelly_","0460","Skelly_0460","","","","怎么？你打算让我开开眼吗，兄弟？","","",""
"Integrated","Skelly_","0461","Skelly_0461","","","","你很喜欢那副手套吗？","","",""
"Integrated","Skelly_","0458","Skelly_0458","","","","喂，后面有东西，兄弟！","","",""
"Integrated","Skelly_","0459","Skelly_0459","","","","哇哦，这爪子真够劲嘿！","","",""
"Integrated","Skelly_","0460","Skelly_0460","","","","怎么？你打算让我开开眼吗，兄弟？","","",""
"Integrated","Skelly_","0461","Skelly_0461","","","","你很喜欢那副手套吗？","","",""
"Integrated","Skelly_","0462","Skelly_0462","","","","来啊！用全力打过来！！","","",""
"Integrated","Skelly_","0463","Skelly_0463","","","","对了！使劲揍过来就对了！","","",""
"Integrated","Skelly_","0464","Skelly_0464","","","","让我开开眼，兄嘚！","","",""
"Integrated","Skelly_","0466","Skelly_0466","","","","哇哦这剑真棒！","","",""
"Integrated","Skelly_","0467","Skelly_0467","","","","哎哟，你手里那把弓可真漂亮啊！","","",""
"Integrated","Skelly_","0468","Skelly_0468","","","","哎哟！这一脚可真够猛的！","","",""
"Integrated","Skelly_","0469","Skelly_0469","","","","哈哈，我觉得这才叫被人用箭射嘛！","","",""
"Integrated","Skelly_","0470","Skelly_0470","","","","你那个大盘子，你对它做了什么？","","",""
"Integrated","Skelly_","0471","Skelly_0471","","","","啊，没错，就是它！","","",""
"Integrated","Skelly_","0472","Skelly_0472","","","","呃，我可没见过这样的弓啊。","","",""
"Integrated","Skelly_","0473","Skelly_0473","","","","哦哦，那玩意真是火气十足啊！","","",""
"Integrated","Skelly_","0480","Skelly_0480","","","","哈哈哈，是啊！","","",""
"Integrated","Skelly_","0500","Skelly_0500","","","","如果你成功了，兄弟，那我恐怕现在就不在这里了！","","",""
"Integrated","Skelly_","0504","Skelly_0504","","","","哦，哈哈哈，不过我会的！","","",""
"Integrated","Skelly_","0505","Skelly_0505","","","","没错！","","",""
"Integrated","Skelly_","0506","Skelly_0506","","","","嘿呀。","","",""
"Integrated","Skelly_","0507","Skelly_0507","","","","嘿，伙计。","","",""
"Integrated","Skelly_","0508","Skelly_0508","","","","兄嘚。","","",""
"Integrated","Skelly_","0509","Skelly_0509","","","","兄嘚！","","",""
"Integrated","Skelly_","0510","Skelly_0510","","","","嘿。","","",""
"Integrated","Skelly_","0511","Skelly_0511","","","","你来了。","","",""
"Integrated","Skelly_","0512","Skelly_0512","","","","我就知道。","","",""
"Integrated","Skelly_","0513","Skelly_0513","","","","你回来了，哈。","","",""
"Integrated","Skelly_","0514","Skelly_0514","","","","想要练练手了吗？","","",""
"Integrated","Skelly_","0515","Skelly_0515","","","","终于成功了！","","",""
"Integrated","Skelly_","0526","Skelly_0526","","","","是啊，那玩意绝对飞不起来。","","",""
"Integrated","Skelly_","0530","Skelly_0530","","","","没错，那就开始吧！","","",""
"Integrated","Skelly_","0531","Skelly_0531","","","","我也这么觉得。","","",""
"Integrated","Skelly_","0532","Skelly_0532","","","","我可想象不出来他们有多高！","","",""
"Integrated","Skelly_","0533","Skelly_0533","","","","那家伙眼力不错。","","",""
"Integrated","Skelly_","0534","Skelly_0534","","","","我自己就是迈不过这个坎。","","",""
"Integrated","Skelly_","0539","Skelly_0539","","","Argh.","哈哈哈。","","",""
"Integrated","Skelly_","0548","Skelly_0548","Hit by Giglamesh  Aspect","Impressed","","噢哟，我从下巴深处就能感受得到了！","","",""
"Integrated","Skelly_","0549","Skelly_0549","Tisiphone lights out","","","嘿，是谁把灯关了？！","","",""
"Integrated","Skelly_","0550","Skelly_0550","Keepsake Summon - Vs. Furies","","","嘿，嘿，怎么回事？","","",""
"Integrated","Skelly_","0551","Skelly_0551","","","","嘿呀，女士！","","",""
"Integrated","Skelly_","0552","Skelly_0552","","","","不准你拿那根鞭子指着我的兄弟！","","",""
"Integrated","Skelly_","0553","Skelly_0553","","","","所以说，你们两个之间是怎么回事？","","",""
"Integrated","Skelly_","0554","Skelly_0554","Keepsake Summon - Vs. Hydra","","","嘿，你个大耳怪，这儿呢！","","",""
"Integrated","Skelly_","0555","Skelly_0555","","","","嘿，大骨头，想尝尝我的厉害吗？！","","",""
"Integrated","Skelly_","0556","Skelly_0556","","""Oh crap!""","","你干嘛要把我拖到这趟浑水里，兄弟？！","","",""
"Integrated","Skelly_","0557","Skelly_0557","","Impressed by the hydra's physique","","那家伙的骨架还真漂亮啊！","","",""
"Integrated","Skelly_","0558","Skelly_0558","Keepsake Summon - Vs. Minotaur","","","嘿，牛头小子，你这是怎么了？","","",""
"Integrated","Skelly_","0559","Skelly_0559","","Faux concern","","哦哦，救命！他手里有把双刃大斧！","","",""
"Integrated","Skelly_","0560","Skelly_0560","","Like he's flipping him off","","这是你自找的，牛头小子！","","",""
"Integrated","Skelly_","0561","Skelly_0561","","From his Schelemeus days","","还记得我吗，牛头小子？！","","",""
"Integrated","Skelly_","0562","Skelly_0562","Keepsake Summon - Vs. Theseus","More mocking.","","是雅典之王，我真是要吓坏了，兄嘚！","","",""
"Integrated","Skelly_","0563","Skelly_0563","","Referring to having an audience (and we can make the crowd cheer)","","观众都要激动疯了！","","",""
"Integrated","Skelly_","0564","Skelly_0564","","","","这一下是给你们这些坐在次等席上的人看的！","","",""
"Integrated","Skelly_","0565","Skelly_0565","","","","看起来我把这里的气氛炒热了啊！","","",""
"Integrated","Skelly_","0566","Skelly_0566","Keepsake Summon - w/ Thanatos","Nodding her head at an associate.","","嗨，塔纳托斯，我是你的铁粉！","","",""
"Integrated","Skelly_","0567","Skelly_0567","","","","哇，嘿，是塔纳托斯！","","",""
"Integrated","Skelly_","0568","Skelly_0568","","","","哦哦，就是那个塔纳托斯！","","",""
"Integrated","Skelly_","0569","Skelly_0569","","","","别杀我呀，塔纳托斯！","","",""
"Integrated","Skelly_","0570","Skelly_0570","Keepsake Summon - Vs. Hades","","","呃，我们恐怕是走错路了！","","",""
"Integrated","Skelly_","0571","Skelly_0571","","","","嘿，你这一路上都干什么呢？","","",""
"Integrated","Skelly_","0572","Skelly_0572","","","","哇，你爸来了。你这下可有麻烦了，兄弟！","","",""
"Integrated","Skelly_","0573","Skelly_0573","","","","我觉得这是你和你爸之间的私事，兄弟！","","",""
"Integrated","Skelly_","0574","Skelly_0574","Persistent Taunting","Gag version of Zag's similar line.","","就算你揍我，我也会一次一次回来！","","",""
"Integrated","Skelly_","0575","Skelly_0575","","","","来啊，有什么厉害的都使出来啊，爷等着呢！","","",""
"Integrated","Skelly_","0576","Skelly_0576","","","","你连个手无寸铁的骷髅都干不掉！","","",""
"Integrated","Skelly_","0577","Skelly_0577","","","","不如来换个站着不动的目标吧？","","",""
"Integrated","Skelly_","0578","Skelly_0578","","","","想让我走吗？那就来推我啊！","","",""
"Integrated","Skelly_","0579","Skelly_0579","","","","来啊！用全力打过来！","","",""
"Integrated","Skelly_","0580","Skelly_0580","","","","哎哟，帮帮我，兄嘚，我吓坏了！","","",""
"Integrated","Skelly_","0581","Skelly_0581","","Derisive laugh","","啊哈哈哈哈，赶紧的！","","",""
"Integrated","Skelly_","0582","Skelly_0582","","Laughing / hooting.","","哇，呵呵呵呵呵！","","",""
"Integrated","Skelly_","0583","Skelly_0583","","Gag version of Zag's similar line.","","你知道自己在和谁打交道吗？","","",""
"Integrated","Skelly_","0584","Skelly_0584","Reaction to Giglamesh Aspect Unlock","","","呃，你的拳击手套是怎么回事，兄嘚？","","",""
"Integrated","Skelly_","0585","Skelly_0585","","","","我什么都看不见了！","","",""
"Integrated","Skelly_","0586","Skelly_0586","","","","嘿，怎么回事？","","",""
"Integrated","Skelly_","0587","Skelly_0587","","","","啊，又是这样。","","",""
"Integrated","Skelly_","0588","Skelly_0588","","","","吓死我了，快抱抱我，兄嘚！","","",""
"Integrated","Skelly_","0589","Skelly_0589","","","","人都到哪里去了？","","",""
"Integrated","Skelly_","0590","Skelly_0590","","","","啊啊啊！","","",""
"Integrated","Skelly_","0591","Skelly_0591","","","","啊，别啊，别又这样啊！","","",""
"Integrated","Skelly_","0592","Skelly_0592","Dying Variety","Shakespearean","","啊！我死了……！","","",""
"Integrated","Skelly_","0593","Skelly_0593","","","","干得漂亮……","","",""
"Integrated","Skelly_","0594","Skelly_0594","","","","于是，我就死了。","","",""
"Integrated","Skelly_","0595","Skelly_0595","","Fake drama","","再见了……兄嘚……","","",""
"Integrated","Skelly_","0596","Skelly_0596","","","","啊，我的大腿骨啊！","","",""
"Integrated","Skelly_","0597","Skelly_0597","","Wincing, crink in his back","","正中脊柱！","","",""
"Integrated","Skelly_","0598","Skelly_0598","","","","正中头骨！","","",""
"Integrated","Skelly_","0599","Skelly_0599","","","","正中骨盆，哎哟！","","",""
"Integrated","Skelly_","0600","Skelly_0600","","","","我太年轻……还不能死……","","",""
"Integrated","Skelly_","0601","Skelly_0601","","Fake pleading","","我不想死啊！","","",""
"Integrated","Skelly_","0602","Skelly_0602","Respawning Variety","Response to first death, punked you","","好吧……","","",""
"Integrated","Skelly_","0603","Skelly_0603","","pretty cheeky; he can't die","","我又复活了！","","",""
"Integrated","Skelly_","0604","Skelly_0604","","","","完好如初！","","",""
"Integrated","Skelly_","0605","Skelly_0605","","","","我感觉充满生机！","","",""
"Integrated","Skelly_","0606","Skelly_0606","","","","再来一次吗？","","",""
"Integrated","Skelly_","0607","Skelly_0607","","Like he's a powerful lich.","","我又活过来了，兄嘚！","","",""
"Integrated","Skelly_","0608","Skelly_0608","","","","<喘息> 我活过来了！！","","",""
"Integrated","Skelly_","0609","Skelly_0609","","","","那些伤害根本不是事儿，兄弟！","","",""
